debug: Found portal inhibitor
debug: Attempted path: /usr/bin/../share/obs/obs-studio/locale/en-US.ini
debug: Attempted path: /usr/bin/../share/obs/obs-studio/locale.ini
debug: Attempted path: /usr/bin/../share/obs/obs-studio/themes
debug: Attempted path: /usr/bin/../share/obs/obs-studio/themes/
warning: Get on org.freedesktop.portal.Settings returned an invalid reply
warning: Crash or unclean shutdown detected
warning: [Safe Mode] Normal launch selected, loading third-party plugins is enabled
info: Command Line Arguments: --disable-gpu --no-sandbox
info: Using EGL/X11
info: CPU Name: Intel(R) Core(TM) i5-10310U CPU @ 1.70GHz
info: CPU Speed: 2208.000MHz
info: Physical Cores: 4, Logical Cores: 8
info: Physical Memory: 15870MB Total, 1368MB Free
info: Kernel Version: Linux 6.6.87.2-microsoft-standard-WSL2
info: Distribution: "Ubuntu" "24.04"
info: Window System: X11.0, Vendor: The X.Org Foundation, Version: 1.21.1
info: Current Date/Time: 2026-03-19, 07:21:03 PM
info: Browser Hardware Acceleration: false
info: Qt Version: 6.4.2 (runtime), 6.4.2 (compiled)
info: Portable mode: false
info: OBS 32.1.0 (linux)
info: ---------------------------------
info: ---------------------------------
info: audio settings reset:
	samples per sec: 48000
	speakers:        2
	max buffering:   960 milliseconds
	buffering type:  dynamically increasing
info: ---------------------------------
info: Initializing OpenGL...
warning: Unable to open DRM render node.
info: Loading up OpenGL on adapter Mesa llvmpipe (LLVM 20.1.2, 256 bits)
info: OpenGL loaded successfully, version 4.5 (Core Profile) Mesa 25.2.8-0ubuntu0.24.04.1, shading language 4.50
info: ---------------------------------
info: video settings reset:
	base resolution:   1280x720
	output resolution: 1920x1080
	downscale filter:  Bilinear
	fps:               30/1
	format:            NV12
	YUV mode:          Rec. 709/Partial
info: NV12 texture support enabled
info: P010 texture support not available
info: Audio monitoring device:
	name: Default
	id: default
info: ---------------------------------
warning: No AJA devices found, skipping loading AJA UI plugin
warning: Failed to initialize module 'aja-output-ui.so'
warning: No AJA devices found, skipping loading AJA plugin
warning: Failed to initialize module 'aja.so'
warning: Failed to load 'en-US' text for module: 'decklink-captions.so'
warning: Failed to load 'en-US' text for module: 'decklink-output-ui.so'
libDeckLinkAPI.so: cannot open shared object file: No such file or directory
warning: A DeckLink iterator could not be created.  The DeckLink drivers may not be installed
warning: Failed to initialize module 'decklink.so'
info: [pipewire] No capture sources available
warning: v4l2loopback not installed, virtual camera not registered
info: [obs-browser]: Version 2.26.8
info: [obs-browser]: CEF Version 127.0.6533.120 (runtime), 127.0.0-6533-fix-stutter-and-osr-extra-info.3042+g176b09c+chromium-127.0.6533.120 (compiled)
info: FFmpeg VAAPI H264 encoding not supported
info: FFmpeg VAAPI AV1 encoding not supported
info: FFmpeg VAAPI HEVC encoding not supported
error: os_dlopen(libnvidia-encode.so.1->libnvidia-encode.so.1): libnvidia-encode.so.1: cannot open shared object file: No such file or directory

info: NVENC not supported
warning: Failed to initialize module 'obs-nvenc.so'
info: [obs-websocket] [obs_module_load] you can haz websockets (Version: 5.7.2 | RPC Version: 1)
info: [obs-websocket] [obs_module_load] Qt version (compile-time): 6.4.2 | Qt version (run-time): 6.4.2
info: [obs-websocket] [obs_module_load] Linked ASIO Version: 102801
info: [obs-websocket] [obs_module_load] Module loaded.
info: [vlc-video]: VLC 3.0.20 Vetinari found, VLC video source enabled
info: ---------------------------------
info:   Loaded Modules:
info:     vlc-video.so
info:     text-freetype2.so
info:     rtmp-services.so
info:     obs-x264.so
info:     obs-websocket.so
info:     obs-vst.so
info:     obs-transitions.so
info:     obs-qsv11.so
info:     obs-outputs.so
info:     obs-libfdk.so
info:     obs-filters.so
info:     obs-ffmpeg.so
info:     obs-browser.so
info:     linux-v4l2.so
info:     linux-pulseaudio.so
info:     linux-pipewire.so
info:     linux-jack.so
info:     linux-capture.so
info:     linux-alsa.so
info:     image-source.so
info:     frontend-tools.so
info:     decklink-output-ui.so
info:     decklink-captions.so
info: ---------------------------------
info: ---------------------------------
info: Available Encoders:
info:   Video Encoders:
info: 	- ffmpeg_svt_av1 (SVT-AV1)
info: 	- ffmpeg_aom_av1 (AOM AV1)
info: 	- obs_x264 (x264)
info:   Audio Encoders:
info: 	- ffmpeg_aac (FFmpeg AAC)
info: 	- ffmpeg_opus (FFmpeg Opus)
info: 	- ffmpeg_pcm_s16le (FFmpeg PCM (16-bit))
info: 	- ffmpeg_pcm_s24le (FFmpeg PCM (24-bit))
info: 	- ffmpeg_pcm_f32le (FFmpeg PCM (32-bit float))
info: 	- ffmpeg_alac (FFmpeg ALAC (24-bit))
info: 	- ffmpeg_flac (FFmpeg FLAC (16-bit))
info: 	- libfdk_aac (libfdk AAC)
info: ==== Startup complete ===============================================
info: All scene data cleared
info: ------------------------------------------------
info: [Media Source 'Fondo']: settings:
	input:                   /headless/Videos/246242_medium.mp4
	input_format:            (null)
	speed:                   100
	is_looping:              yes
	is_linear_alpha:         no
	is_hw_decoding:          no
	is_clear_on_media_end:   yes
	restart_on_activate:     yes
	close_when_inactive:     no
	full_decode:             no
	ffmpeg_options:          
warning: MP: Failed to open media: '/headless/Videos/246242_medium.mp4'
[00005adb00d679a0] vlcpulse audio output error: PulseAudio server connection failure: Connection refused
[00005adb03b8f010] vlcpulse audio output error: PulseAudio server connection failure: Connection refused
info: Switched to scene 'Scene'
info: ------------------------------------------------
info: Loaded scenes:
info: - scene 'Scene':
info:     - source: 'Fondo' (ffmpeg_source)
info:     - source: 'Music' (group)
info:         - source: 'Musica' (vlc_source)
info:             - filter: 'Gain' (gain_filter)
info:     - source: 'Browser' (browser_source)
info: ------------------------------------------------
info: User Removed source 'Browser' (browser_source) from scene 'Scene'
info: User added source 'Browser' (browser_source) to scene 'Scene'
info: User Removed source 'Browser' (browser_source) from scene 'Scene'
info: User added source 'Browser' (browser_source) to scene 'Scene'
debug: Found portal inhibitor
debug: Attempted path: /usr/bin/../share/obs/obs-studio/locale/en-US.ini
debug: Attempted path: /usr/bin/../share/obs/obs-studio/locale.ini
debug: Attempted path: /usr/bin/../share/obs/obs-studio/themes
debug: Attempted path: /usr/bin/../share/obs/obs-studio/themes/
warning: Get on org.freedesktop.portal.Settings returned an invalid reply
warning: Crash or unclean shutdown detected
warning: [Safe Mode] Normal launch selected, loading third-party plugins is enabled
info: Command Line Arguments: --disable-gpu --no-sandbox
info: Using EGL/X11
info: CPU Name: Intel(R) Core(TM) i5-10310U CPU @ 1.70GHz
info: CPU Speed: 2208.000MHz
info: Physical Cores: 4, Logical Cores: 8
info: Physical Memory: 15870MB Total, 1722MB Free
info: Kernel Version: Linux 6.6.87.2-microsoft-standard-WSL2
info: Distribution: "Ubuntu" "24.04"
info: Window System: X11.0, Vendor: The X.Org Foundation, Version: 1.21.1
info: Current Date/Time: 2026-03-19, 07:27:36 PM
info: Browser Hardware Acceleration: false
info: Qt Version: 6.4.2 (runtime), 6.4.2 (compiled)
info: Portable mode: false
info: OBS 32.1.0 (linux)
info: ---------------------------------
info: ---------------------------------
info: audio settings reset:
	samples per sec: 48000
	speakers:        2
	max buffering:   960 milliseconds
	buffering type:  dynamically increasing
info: ---------------------------------
info: Initializing OpenGL...
warning: Unable to open DRM render node.
info: Loading up OpenGL on adapter Mesa llvmpipe (LLVM 20.1.2, 256 bits)
info: OpenGL loaded successfully, version 4.5 (Core Profile) Mesa 25.2.8-0ubuntu0.24.04.1, shading language 4.50
info: ---------------------------------
info: video settings reset:
	base resolution:   1280x720
	output resolution: 1920x1080
	downscale filter:  Bilinear
	fps:               30/1
	format:            NV12
	YUV mode:          Rec. 709/Partial
info: NV12 texture support enabled
info: P010 texture support not available
info: Audio monitoring device:
	name: Default
	id: default
info: ---------------------------------
warning: No AJA devices found, skipping loading AJA UI plugin
warning: Failed to initialize module 'aja-output-ui.so'
warning: No AJA devices found, skipping loading AJA plugin
warning: Failed to initialize module 'aja.so'
warning: Failed to load 'en-US' text for module: 'decklink-captions.so'
warning: Failed to load 'en-US' text for module: 'decklink-output-ui.so'
libDeckLinkAPI.so: cannot open shared object file: No such file or directory
warning: A DeckLink iterator could not be created.  The DeckLink drivers may not be installed
warning: Failed to initialize module 'decklink.so'
info: [pipewire] No capture sources available
warning: v4l2loopback not installed, virtual camera not registered
info: [obs-browser]: Version 2.26.8
info: [obs-browser]: CEF Version 127.0.6533.120 (runtime), 127.0.0-6533-fix-stutter-and-osr-extra-info.3042+g176b09c+chromium-127.0.6533.120 (compiled)
info: FFmpeg VAAPI H264 encoding not supported
info: FFmpeg VAAPI AV1 encoding not supported
info: FFmpeg VAAPI HEVC encoding not supported
error: os_dlopen(libnvidia-encode.so.1->libnvidia-encode.so.1): libnvidia-encode.so.1: cannot open shared object file: No such file or directory

info: NVENC not supported
warning: Failed to initialize module 'obs-nvenc.so'
info: [obs-websocket] [obs_module_load] you can haz websockets (Version: 5.7.2 | RPC Version: 1)
info: [obs-websocket] [obs_module_load] Qt version (compile-time): 6.4.2 | Qt version (run-time): 6.4.2
info: [obs-websocket] [obs_module_load] Linked ASIO Version: 102801
info: [obs-websocket] [obs_module_load] Module loaded.
info: [vlc-video]: VLC 3.0.20 Vetinari found, VLC video source enabled
info: ---------------------------------
info:   Loaded Modules:
info:     vlc-video.so
info:     text-freetype2.so
info:     rtmp-services.so
info:     obs-x264.so
info:     obs-websocket.so
info:     obs-vst.so
info:     obs-transitions.so
info:     obs-qsv11.so
info:     obs-outputs.so
info:     obs-libfdk.so
info:     obs-filters.so
info:     obs-ffmpeg.so
info:     obs-browser.so
info:     linux-v4l2.so
info:     linux-pulseaudio.so
info:     linux-pipewire.so
info:     linux-jack.so
info:     linux-capture.so
info:     linux-alsa.so
info:     image-source.so
info:     frontend-tools.so
info:     decklink-output-ui.so
info:     decklink-captions.so
info: ---------------------------------
info: ---------------------------------
info: Available Encoders:
info:   Video Encoders:
info: 	- ffmpeg_svt_av1 (SVT-AV1)
info: 	- ffmpeg_aom_av1 (AOM AV1)
info: 	- obs_x264 (x264)
info:   Audio Encoders:
info: 	- ffmpeg_aac (FFmpeg AAC)
info: 	- ffmpeg_opus (FFmpeg Opus)
info: 	- ffmpeg_pcm_s16le (FFmpeg PCM (16-bit))
info: 	- ffmpeg_pcm_s24le (FFmpeg PCM (24-bit))
info: 	- ffmpeg_pcm_f32le (FFmpeg PCM (32-bit float))
info: 	- ffmpeg_alac (FFmpeg ALAC (24-bit))
info: 	- ffmpeg_flac (FFmpeg FLAC (16-bit))
info: 	- libfdk_aac (libfdk AAC)
info: ==== Startup complete ===============================================
info: All scene data cleared
info: ------------------------------------------------
info: [Media Source 'Fondo']: settings:
	input:                   /headless/Videos/246242_medium.mp4
	input_format:            (null)
	speed:                   100
	is_looping:              yes
	is_linear_alpha:         no
	is_hw_decoding:          no
	is_clear_on_media_end:   yes
	restart_on_activate:     yes
	close_when_inactive:     no
	full_decode:             no
	ffmpeg_options:          
warning: MP: Failed to open media: '/headless/Videos/246242_medium.mp4'
[00006013ddf9c680] vlcpulse audio output error: PulseAudio server connection failure: Connection refused
[00006013df41d850] vlcpulse audio output error: PulseAudio server connection failure: Connection refused
info: Switched to scene 'Scene'
info: ------------------------------------------------
info: Loaded scenes:
info: - scene 'Scene':
info:     - source: 'Fondo' (ffmpeg_source)
info:     - source: 'Music' (group)
info:         - source: 'Musica' (vlc_source)
info:             - filter: 'Gain' (gain_filter)
info:     - source: 'Browser' (browser_source)
info: ------------------------------------------------
info: User Removed source 'Browser' (browser_source) from scene 'Scene'
info: User added source 'Browser' (browser_source) to scene 'Scene'
info: ==== Shutting down ==================================================
info: All scene data cleared
info: ------------------------------------------------
error: Tried to call obs_frontend_remove_event_callback with no callbacks!
info: [obs-websocket] [obs_module_unload] Shutting down...
error: Tried to call obs_frontend_remove_event_callback with no callbacks!
info: [obs-websocket] [obs_module_unload] Finished shutting down.
info: [Scripting] Total detached callbacks: 0
info: Freeing OBS context data
info: == Profiler Results =============================
info: run_program_init: 33906.7 ms
info:  ┣OBSApp::AppInit: 52.999 ms
info:  ┃ ┗OBSApp::InitLocale: 2.008 ms
info:  ┗OBSApp::OBSInit: 1028.07 ms
info:    ┣obs_startup: 6.531 ms
info:    ┗OBSBasic::OBSInit: 990.024 ms
info:      ┣OBSBasic::InitBasicConfig: 19.5 ms
info:      ┣OBSBasic::ResetAudio: 1.593 ms
info:      ┣OBSBasic::ResetVideo: 128.601 ms
info:      ┃ ┗obs_init_graphics: 116.644 ms
info:      ┃   ┗shader compilation: 34.361 ms
info:      ┣OBSBasic::InitOBSCallbacks: 0.011 ms
info:      ┣OBSBasic::InitHotkeys: 0.035 ms
info:      ┣obs_load_all_modules2: 311.047 ms
info:      ┃ ┣obs_init_module(aja-output-ui.so): 0.722 ms
info:      ┃ ┣obs_init_module(aja.so): 1.153 ms
info:      ┃ ┣obs_init_module(decklink-captions.so): 0 ms
info:      ┃ ┣obs_init_module(decklink-output-ui.so): 0 ms
info:      ┃ ┣obs_init_module(decklink.so): 1.226 ms
info:      ┃ ┣obs_init_module(frontend-tools.so): 110.934 ms
info:      ┃ ┣obs_init_module(image-source.so): 0.006 ms
info:      ┃ ┣obs_init_module(linux-alsa.so): 0.003 ms
info:      ┃ ┣obs_init_module(linux-capture.so): 2.609 ms
info:      ┃ ┣obs_init_module(linux-jack.so): 0.001 ms
info:      ┃ ┣obs_init_module(linux-pipewire.so): 15.421 ms
info:      ┃ ┣obs_init_module(linux-pulseaudio.so): 0.002 ms
info:      ┃ ┣obs_init_module(linux-v4l2.so): 2.982 ms
info:      ┃ ┣obs_init_module(obs-browser.so): 2.244 ms
info:      ┃ ┣obs_init_module(obs-ffmpeg.so): 2.267 ms
info:      ┃ ┣obs_init_module(obs-filters.so): 0.066 ms
info:      ┃ ┣obs_init_module(obs-libfdk.so): 0.001 ms
info:      ┃ ┣obs_init_module(obs-nvenc.so): 2.911 ms
info:      ┃ ┃ ┗nvenc_check: 1.598 ms
info:      ┃ ┣obs_init_module(obs-outputs.so): 0.003 ms
info:      ┃ ┣obs_init_module(obs-qsv11.so): 0.062 ms
info:      ┃ ┣obs_init_module(obs-transitions.so): 0.005 ms
info:      ┃ ┣obs_init_module(obs-vst.so): 0.002 ms
info:      ┃ ┣obs_init_module(obs-websocket.so): 18.947 ms
info:      ┃ ┣obs_init_module(obs-x264.so): 0.001 ms
info:      ┃ ┣obs_init_module(rtmp-services.so): 9.767 ms
info:      ┃ ┣obs_init_module(text-freetype2.so): 0.996 ms
info:      ┃ ┗obs_init_module(vlc-video.so): 1.82 ms
info:      ┣OBSBasic::InitService: 2.707 ms
info:      ┣OBSBasic::ResetOutputs: 0.149 ms
info:      ┣OBSBasic::CreateHotkeys: 0.023 ms
info:      ┣OBSBasic::InitPrimitives: 0.053 ms
info:      ┗OBSBasic::Load: 100.1 ms
info: obs_hotkey_thread(25 ms): min=0.065 ms, median=0.737 ms, max=19.761 ms, 99th percentile=2.796 ms, 100% below 25 ms
info: audio_thread(Audio): min=0.009 ms, median=0.021 ms, max=12.936 ms, 99th percentile=0.177 ms
info: obs_graphics_thread(33.3333 ms): min=0.158 ms, median=6.468 ms, max=79.032 ms, 99th percentile=19.509 ms, 99.8271% below 33.333 ms
info:  ┣tick_sources: min=0.001 ms, median=0.012 ms, max=78.383 ms, 99th percentile=0.041 ms
info:  ┣output_frame: min=0.102 ms, median=0.315 ms, max=19.748 ms, 99th percentile=1.134 ms
info:  ┃ ┗gs_context(video->graphics): min=0.102 ms, median=0.315 ms, max=19.726 ms, 99th percentile=1.115 ms
info:  ┃   ┣render_video: min=0.02 ms, median=0.298 ms, max=19.457 ms, 99th percentile=1.052 ms
info:  ┃   ┃ ┗render_main_texture: min=0.017 ms, median=0.294 ms, max=19.449 ms, 99th percentile=1.041 ms
info:  ┃   ┗gs_flush: min=0.001 ms, median=0.003 ms, max=5.301 ms, 99th percentile=0.229 ms
info:  ┗render_displays: min=0.003 ms, median=6.076 ms, max=41.983 ms, 99th percentile=17.602 ms
info: =================================================
info: == Profiler Time Between Calls ==================
info: obs_hotkey_thread(25 ms): min=25.155 ms, median=25.962 ms, max=45.023 ms, 8.53288% within ±2% of 25 ms (0% lower, 91.4671% higher)
info: obs_graphics_thread(33.3333 ms): min=18.251 ms, median=33.335 ms, max=79.036 ms, 99.4812% within ±2% of 33.333 ms (0.216169% lower, 0.302637% higher)
info: =================================================
info: Number of memory leaks: 0
debug: Found portal inhibitor
debug: Attempted path: /usr/bin/../share/obs/obs-studio/locale/en-US.ini
debug: Attempted path: /usr/bin/../share/obs/obs-studio/locale.ini
debug: Attempted path: /usr/bin/../share/obs/obs-studio/themes
debug: Attempted path: /usr/bin/../share/obs/obs-studio/themes/
warning: Get on org.freedesktop.portal.Settings returned an invalid reply
info: Command Line Arguments: --disable-gpu --no-sandbox
info: Using EGL/X11
info: CPU Name: Intel(R) Core(TM) i5-10310U CPU @ 1.70GHz
info: CPU Speed: 2208.000MHz
info: Physical Cores: 4, Logical Cores: 8
info: Physical Memory: 15870MB Total, 1734MB Free
info: Kernel Version: Linux 6.6.87.2-microsoft-standard-WSL2
info: Distribution: "Ubuntu" "24.04"
info: Window System: X11.0, Vendor: The X.Org Foundation, Version: 1.21.1
info: Current Date/Time: 2026-03-19, 07:29:35 PM
info: Browser Hardware Acceleration: false
info: Qt Version: 6.4.2 (runtime), 6.4.2 (compiled)
info: Portable mode: false
info: OBS 32.1.0 (linux)
info: ---------------------------------
info: ---------------------------------
info: audio settings reset:
	samples per sec: 48000
	speakers:        2
	max buffering:   960 milliseconds
	buffering type:  dynamically increasing
info: ---------------------------------
info: Initializing OpenGL...
warning: Unable to open DRM render node.
info: Loading up OpenGL on adapter Mesa llvmpipe (LLVM 20.1.2, 256 bits)
info: OpenGL loaded successfully, version 4.5 (Core Profile) Mesa 25.2.8-0ubuntu0.24.04.1, shading language 4.50
info: ---------------------------------
info: video settings reset:
	base resolution:   1280x720
	output resolution: 1920x1080
	downscale filter:  Bilinear
	fps:               30/1
	format:            NV12
	YUV mode:          Rec. 709/Partial
info: NV12 texture support enabled
info: P010 texture support not available
info: Audio monitoring device:
	name: Default
	id: default
info: ---------------------------------
warning: No AJA devices found, skipping loading AJA UI plugin
warning: Failed to initialize module 'aja-output-ui.so'
warning: No AJA devices found, skipping loading AJA plugin
warning: Failed to initialize module 'aja.so'
warning: Failed to load 'en-US' text for module: 'decklink-captions.so'
warning: Failed to load 'en-US' text for module: 'decklink-output-ui.so'
libDeckLinkAPI.so: cannot open shared object file: No such file or directory
warning: A DeckLink iterator could not be created.  The DeckLink drivers may not be installed
warning: Failed to initialize module 'decklink.so'
info: [pipewire] No capture sources available
warning: v4l2loopback not installed, virtual camera not registered
info: [obs-browser]: Version 2.26.8
info: [obs-browser]: CEF Version 127.0.6533.120 (runtime), 127.0.0-6533-fix-stutter-and-osr-extra-info.3042+g176b09c+chromium-127.0.6533.120 (compiled)
info: FFmpeg VAAPI H264 encoding not supported
info: FFmpeg VAAPI AV1 encoding not supported
info: FFmpeg VAAPI HEVC encoding not supported
error: os_dlopen(libnvidia-encode.so.1->libnvidia-encode.so.1): libnvidia-encode.so.1: cannot open shared object file: No such file or directory

info: NVENC not supported
warning: Failed to initialize module 'obs-nvenc.so'
info: [obs-websocket] [obs_module_load] you can haz websockets (Version: 5.7.2 | RPC Version: 1)
info: [obs-websocket] [obs_module_load] Qt version (compile-time): 6.4.2 | Qt version (run-time): 6.4.2
info: [obs-websocket] [obs_module_load] Linked ASIO Version: 102801
info: [obs-websocket] [obs_module_load] Module loaded.
info: [vlc-video]: VLC 3.0.20 Vetinari found, VLC video source enabled
info: ---------------------------------
info:   Loaded Modules:
info:     vlc-video.so
info:     text-freetype2.so
info:     rtmp-services.so
info:     obs-x264.so
info:     obs-websocket.so
info:     obs-vst.so
info:     obs-transitions.so
info:     obs-qsv11.so
info:     obs-outputs.so
info:     obs-libfdk.so
info:     obs-filters.so
info:     obs-ffmpeg.so
info:     obs-browser.so
info:     linux-v4l2.so
info:     linux-pulseaudio.so
info:     linux-pipewire.so
info:     linux-jack.so
info:     linux-capture.so
info:     linux-alsa.so
info:     image-source.so
info:     frontend-tools.so
info:     decklink-output-ui.so
info:     decklink-captions.so
info: ---------------------------------
info: ---------------------------------
info: Available Encoders:
info:   Video Encoders:
info: 	- ffmpeg_svt_av1 (SVT-AV1)
info: 	- ffmpeg_aom_av1 (AOM AV1)
info: 	- obs_x264 (x264)
info:   Audio Encoders:
info: 	- ffmpeg_aac (FFmpeg AAC)
info: 	- ffmpeg_opus (FFmpeg Opus)
info: 	- ffmpeg_pcm_s16le (FFmpeg PCM (16-bit))
info: 	- ffmpeg_pcm_s24le (FFmpeg PCM (24-bit))
info: 	- ffmpeg_pcm_f32le (FFmpeg PCM (32-bit float))
info: 	- ffmpeg_alac (FFmpeg ALAC (24-bit))
info: 	- ffmpeg_flac (FFmpeg FLAC (16-bit))
info: 	- libfdk_aac (libfdk AAC)
info: ==== Startup complete ===============================================
info: All scene data cleared
info: ------------------------------------------------
info: [Media Source 'Fondo']: settings:
	input:                   /headless/Videos/246242_medium.mp4
	input_format:            (null)
	speed:                   100
	is_looping:              yes
	is_linear_alpha:         no
	is_hw_decoding:          no
	is_clear_on_media_end:   yes
	restart_on_activate:     yes
	close_when_inactive:     no
	full_decode:             no
	ffmpeg_options:          
warning: MP: Failed to open media: '/headless/Videos/246242_medium.mp4'
[00005c8cda67d100] vlcpulse audio output error: PulseAudio server connection failure: Connection refused
[00005c8cdbbc1b90] vlcpulse audio output error: PulseAudio server connection failure: Connection refused
info: Switched to scene 'Scene'
info: ------------------------------------------------
info: Loaded scenes:
info: - scene 'Scene':
info:     - source: 'Fondo' (ffmpeg_source)
info:     - source: 'Music' (group)
info:         - source: 'Musica' (vlc_source)
info:             - filter: 'Gain' (gain_filter)
info:     - source: 'Browser' (browser_source)
info: ------------------------------------------------
info: User Removed source 'Browser' (browser_source) from scene 'Scene'
info: User added source 'Browser' (browser_source) to scene 'Scene'
info: ==== Shutting down ==================================================
info: All scene data cleared
info: ------------------------------------------------
error: Tried to call obs_frontend_remove_event_callback with no callbacks!
info: [obs-websocket] [obs_module_unload] Shutting down...
error: Tried to call obs_frontend_remove_event_callback with no callbacks!
info: [obs-websocket] [obs_module_unload] Finished shutting down.
info: [Scripting] Total detached callbacks: 0
info: Freeing OBS context data
info: == Profiler Results =============================
info: run_program_init: 1333.06 ms
info:  ┣OBSApp::AppInit: 43.365 ms
info:  ┃ ┗OBSApp::InitLocale: 1.755 ms
info:  ┗OBSApp::OBSInit: 1139.64 ms
info:    ┣obs_startup: 3.482 ms
info:    ┗OBSBasic::OBSInit: 1098.43 ms
info:      ┣OBSBasic::InitBasicConfig: 18.675 ms
info:      ┣OBSBasic::ResetAudio: 1.588 ms
info:      ┣OBSBasic::ResetVideo: 314.002 ms
info:      ┃ ┗obs_init_graphics: 289.189 ms
info:      ┃   ┗shader compilation: 190.205 ms
info:      ┣OBSBasic::InitOBSCallbacks: 0.014 ms
info:      ┣OBSBasic::InitHotkeys: 0.05 ms
info:      ┣obs_load_all_modules2: 292.022 ms
info:      ┃ ┣obs_init_module(aja-output-ui.so): 0.606 ms
info:      ┃ ┣obs_init_module(aja.so): 0.647 ms
info:      ┃ ┣obs_init_module(decklink-captions.so): 0 ms
info:      ┃ ┣obs_init_module(decklink-output-ui.so): 0 ms
info:      ┃ ┣obs_init_module(decklink.so): 0.754 ms
info:      ┃ ┣obs_init_module(frontend-tools.so): 122.392 ms
info:      ┃ ┣obs_init_module(image-source.so): 0.009 ms
info:      ┃ ┣obs_init_module(linux-alsa.so): 0.001 ms
info:      ┃ ┣obs_init_module(linux-capture.so): 1.702 ms
info:      ┃ ┣obs_init_module(linux-jack.so): 0.001 ms
info:      ┃ ┣obs_init_module(linux-pipewire.so): 14.202 ms
info:      ┃ ┣obs_init_module(linux-pulseaudio.so): 0.003 ms
info:      ┃ ┣obs_init_module(linux-v4l2.so): 2.944 ms
info:      ┃ ┣obs_init_module(obs-browser.so): 0.908 ms
info:      ┃ ┣obs_init_module(obs-ffmpeg.so): 2.166 ms
info:      ┃ ┣obs_init_module(obs-filters.so): 0.016 ms
info:      ┃ ┣obs_init_module(obs-libfdk.so): 0.001 ms
info:      ┃ ┣obs_init_module(obs-nvenc.so): 1.849 ms
info:      ┃ ┃ ┗nvenc_check: 0.963 ms
info:      ┃ ┣obs_init_module(obs-outputs.so): 0.003 ms
info:      ┃ ┣obs_init_module(obs-qsv11.so): 0.082 ms
info:      ┃ ┣obs_init_module(obs-transitions.so): 0.006 ms
info:      ┃ ┣obs_init_module(obs-vst.so): 0.008 ms
info:      ┃ ┣obs_init_module(obs-websocket.so): 16.365 ms
info:      ┃ ┣obs_init_module(obs-x264.so): 0.001 ms
info:      ┃ ┣obs_init_module(rtmp-services.so): 9.785 ms
info:      ┃ ┣obs_init_module(text-freetype2.so): 1.407 ms
info:      ┃ ┗obs_init_module(vlc-video.so): 1.771 ms
info:      ┣OBSBasic::InitService: 2.194 ms
info:      ┣OBSBasic::ResetOutputs: 0.137 ms
info:      ┣OBSBasic::CreateHotkeys: 0.02 ms
info:      ┣OBSBasic::InitPrimitives: 0.046 ms
info:      ┗OBSBasic::Load: 109.773 ms
info: obs_hotkey_thread(25 ms): min=0.066 ms, median=0.696 ms, max=18.246 ms, 99th percentile=2.525 ms, 100% below 25 ms
info: audio_thread(Audio): min=0.007 ms, median=0.022 ms, max=57.83 ms, 99th percentile=0.248 ms
info: obs_graphics_thread(33.3333 ms): min=0.201 ms, median=8.051 ms, max=142.361 ms, 99th percentile=20.396 ms, 99.635% below 33.333 ms
info:  ┣tick_sources: min=0.001 ms, median=0.012 ms, max=77.456 ms, 99th percentile=0.055 ms
info:  ┣output_frame: min=0.145 ms, median=0.316 ms, max=74.487 ms, 99th percentile=1.051 ms
info:  ┃ ┗gs_context(video->graphics): min=0.144 ms, median=0.316 ms, max=74.47 ms, 99th percentile=1.05 ms
info:  ┃   ┣render_video: min=0.02 ms, median=0.3 ms, max=74.308 ms, 99th percentile=1.005 ms
info:  ┃   ┃ ┗render_main_texture: min=0.017 ms, median=0.295 ms, max=74.301 ms, 99th percentile=0.993 ms
info:  ┃   ┗gs_flush: min=0.001 ms, median=0.003 ms, max=1.862 ms, 99th percentile=0.242 ms
info:  ┗render_displays: min=0.003 ms, median=7.672 ms, max=67.823 ms, 99th percentile=18.997 ms
info: =================================================
info: == Profiler Time Between Calls ==================
info: obs_hotkey_thread(25 ms): min=25.14 ms, median=25.895 ms, max=43.339 ms, 11.7536% within ±2% of 25 ms (0% lower, 88.2464% higher)
info: obs_graphics_thread(33.3333 ms): min=9.121 ms, median=33.332 ms, max=142.37 ms, 99.2696% within ±2% of 33.333 ms (0.365186% lower, 0.365186% higher)
info: =================================================
info: Number of memory leaks: 0
debug: Found portal inhibitor
debug: Attempted path: /usr/bin/../share/obs/obs-studio/locale/en-US.ini
debug: Attempted path: /usr/bin/../share/obs/obs-studio/locale.ini
debug: Attempted path: /usr/bin/../share/obs/obs-studio/themes
debug: Attempted path: /usr/bin/../share/obs/obs-studio/themes/
warning: Get on org.freedesktop.portal.Settings returned an invalid reply
info: Command Line Arguments: --disable-gpu --no-sandbox
info: Using EGL/X11
info: CPU Name: Intel(R) Core(TM) i5-10310U CPU @ 1.70GHz
info: CPU Speed: 2208.000MHz
info: Physical Cores: 4, Logical Cores: 8
info: Physical Memory: 15870MB Total, 1694MB Free
info: Kernel Version: Linux 6.6.87.2-microsoft-standard-WSL2
info: Distribution: "Ubuntu" "24.04"
info: Window System: X11.0, Vendor: The X.Org Foundation, Version: 1.21.1
info: Current Date/Time: 2026-03-19, 07:33:52 PM
info: Browser Hardware Acceleration: false
info: Qt Version: 6.4.2 (runtime), 6.4.2 (compiled)
info: Portable mode: false
info: OBS 32.1.0 (linux)
info: ---------------------------------
info: ---------------------------------
info: audio settings reset:
	samples per sec: 48000
	speakers:        2
	max buffering:   960 milliseconds
	buffering type:  dynamically increasing
info: ---------------------------------
info: Initializing OpenGL...
warning: Unable to open DRM render node.
info: Loading up OpenGL on adapter Mesa llvmpipe (LLVM 20.1.2, 256 bits)
info: OpenGL loaded successfully, version 4.5 (Core Profile) Mesa 25.2.8-0ubuntu0.24.04.1, shading language 4.50
info: ---------------------------------
info: video settings reset:
	base resolution:   1280x720
	output resolution: 1920x1080
	downscale filter:  Bilinear
	fps:               30/1
	format:            NV12
	YUV mode:          Rec. 709/Partial
info: NV12 texture support enabled
info: P010 texture support not available
info: Audio monitoring device:
	name: Default
	id: default
info: ---------------------------------
warning: No AJA devices found, skipping loading AJA UI plugin
warning: Failed to initialize module 'aja-output-ui.so'
warning: No AJA devices found, skipping loading AJA plugin
warning: Failed to initialize module 'aja.so'
warning: Failed to load 'en-US' text for module: 'decklink-captions.so'
warning: Failed to load 'en-US' text for module: 'decklink-output-ui.so'
libDeckLinkAPI.so: cannot open shared object file: No such file or directory
warning: A DeckLink iterator could not be created.  The DeckLink drivers may not be installed
warning: Failed to initialize module 'decklink.so'
info: [pipewire] No capture sources available
warning: v4l2loopback not installed, virtual camera not registered
info: [obs-browser]: Version 2.26.8
info: [obs-browser]: CEF Version 127.0.6533.120 (runtime), 127.0.0-6533-fix-stutter-and-osr-extra-info.3042+g176b09c+chromium-127.0.6533.120 (compiled)
info: FFmpeg VAAPI H264 encoding not supported
info: FFmpeg VAAPI AV1 encoding not supported
info: FFmpeg VAAPI HEVC encoding not supported
error: os_dlopen(libnvidia-encode.so.1->libnvidia-encode.so.1): libnvidia-encode.so.1: cannot open shared object file: No such file or directory

info: NVENC not supported
warning: Failed to initialize module 'obs-nvenc.so'
info: [obs-websocket] [obs_module_load] you can haz websockets (Version: 5.7.2 | RPC Version: 1)
info: [obs-websocket] [obs_module_load] Qt version (compile-time): 6.4.2 | Qt version (run-time): 6.4.2
info: [obs-websocket] [obs_module_load] Linked ASIO Version: 102801
info: [obs-websocket] [obs_module_load] Module loaded.
info: [vlc-video]: VLC 3.0.20 Vetinari found, VLC video source enabled
info: ---------------------------------
info:   Loaded Modules:
info:     vlc-video.so
info:     text-freetype2.so
info:     rtmp-services.so
info:     obs-x264.so
info:     obs-websocket.so
info:     obs-vst.so
info:     obs-transitions.so
info:     obs-qsv11.so
info:     obs-outputs.so
info:     obs-libfdk.so
info:     obs-filters.so
info:     obs-ffmpeg.so
info:     obs-browser.so
info:     linux-v4l2.so
info:     linux-pulseaudio.so
info:     linux-pipewire.so
info:     linux-jack.so
info:     linux-capture.so
info:     linux-alsa.so
info:     image-source.so
info:     frontend-tools.so
info:     decklink-output-ui.so
info:     decklink-captions.so
info: ---------------------------------
info: ---------------------------------
info: Available Encoders:
info:   Video Encoders:
info: 	- ffmpeg_svt_av1 (SVT-AV1)
info: 	- ffmpeg_aom_av1 (AOM AV1)
info: 	- obs_x264 (x264)
info:   Audio Encoders:
info: 	- ffmpeg_aac (FFmpeg AAC)
info: 	- ffmpeg_opus (FFmpeg Opus)
info: 	- ffmpeg_pcm_s16le (FFmpeg PCM (16-bit))
info: 	- ffmpeg_pcm_s24le (FFmpeg PCM (24-bit))
info: 	- ffmpeg_pcm_f32le (FFmpeg PCM (32-bit float))
info: 	- ffmpeg_alac (FFmpeg ALAC (24-bit))
info: 	- ffmpeg_flac (FFmpeg FLAC (16-bit))
info: 	- libfdk_aac (libfdk AAC)
info: ==== Startup complete ===============================================
info: All scene data cleared
info: ------------------------------------------------
info: [Media Source 'Fondo']: settings:
	input:                   /headless/Videos/246242_medium.mp4
	input_format:            (null)
	speed:                   100
	is_looping:              yes
	is_linear_alpha:         no
	is_hw_decoding:          no
	is_clear_on_media_end:   yes
	restart_on_activate:     yes
	close_when_inactive:     no
	full_decode:             no
	ffmpeg_options:          
warning: MP: Failed to open media: '/headless/Videos/246242_medium.mp4'
[000061ae73ffeed0] vlcpulse audio output error: PulseAudio server connection failure: Connection refused
[000061ae74bd9cf0] vlcpulse audio output error: PulseAudio server connection failure: Connection refused
info: Switched to scene 'Scene'
info: ------------------------------------------------
info: Loaded scenes:
info: - scene 'Scene':
info:     - source: 'Fondo' (ffmpeg_source)
info:     - source: 'Music' (group)
info:         - source: 'Musica' (vlc_source)
info:             - filter: 'Gain' (gain_filter)
info:     - source: 'Browser' (browser_source)
info: ------------------------------------------------
info: User Removed source 'Browser' (browser_source) from scene 'Scene'
info: User added source 'Browser' (browser_source) to scene 'Scene'
info: User Removed source 'Browser' (browser_source) from scene 'Scene'
info: ==== Shutting down ==================================================
info: All scene data cleared
info: ------------------------------------------------
error: Tried to call obs_frontend_remove_event_callback with no callbacks!
info: [obs-websocket] [obs_module_unload] Shutting down...
error: Tried to call obs_frontend_remove_event_callback with no callbacks!
info: [obs-websocket] [obs_module_unload] Finished shutting down.
info: [Scripting] Total detached callbacks: 0
info: Freeing OBS context data
info: == Profiler Results =============================
info: run_program_init: 1307.88 ms
info:  ┣OBSApp::AppInit: 40.149 ms
info:  ┃ ┗OBSApp::InitLocale: 1.389 ms
info:  ┗OBSApp::OBSInit: 1119.04 ms
info:    ┣obs_startup: 3.077 ms
info:    ┗OBSBasic::OBSInit: 1077.21 ms
info:      ┣OBSBasic::InitBasicConfig: 17.179 ms
info:      ┣OBSBasic::ResetAudio: 1.751 ms
info:      ┣OBSBasic::ResetVideo: 312.621 ms
info:      ┃ ┗obs_init_graphics: 289.693 ms
info:      ┃   ┗shader compilation: 188.404 ms
info:      ┣OBSBasic::InitOBSCallbacks: 0.01 ms
info:      ┣OBSBasic::InitHotkeys: 0.048 ms
info:      ┣obs_load_all_modules2: 287.888 ms
info:      ┃ ┣obs_init_module(aja-output-ui.so): 0.662 ms
info:      ┃ ┣obs_init_module(aja.so): 0.653 ms
info:      ┃ ┣obs_init_module(decklink-captions.so): 0 ms
info:      ┃ ┣obs_init_module(decklink-output-ui.so): 0 ms
info:      ┃ ┣obs_init_module(decklink.so): 1.256 ms
info:      ┃ ┣obs_init_module(frontend-tools.so): 115.947 ms
info:      ┃ ┣obs_init_module(image-source.so): 0.006 ms
info:      ┃ ┣obs_init_module(linux-alsa.so): 0.001 ms
info:      ┃ ┣obs_init_module(linux-capture.so): 2.009 ms
info:      ┃ ┣obs_init_module(linux-jack.so): 0.002 ms
info:      ┃ ┣obs_init_module(linux-pipewire.so): 14.201 ms
info:      ┃ ┣obs_init_module(linux-pulseaudio.so): 0.003 ms
info:      ┃ ┣obs_init_module(linux-v4l2.so): 3.483 ms
info:      ┃ ┣obs_init_module(obs-browser.so): 0.827 ms
info:      ┃ ┣obs_init_module(obs-ffmpeg.so): 1.421 ms
info:      ┃ ┣obs_init_module(obs-filters.so): 0.016 ms
info:      ┃ ┣obs_init_module(obs-libfdk.so): 0.001 ms
info:      ┃ ┣obs_init_module(obs-nvenc.so): 1.668 ms
info:      ┃ ┃ ┗nvenc_check: 0.979 ms
info:      ┃ ┣obs_init_module(obs-outputs.so): 0.003 ms
info:      ┃ ┣obs_init_module(obs-qsv11.so): 0.076 ms
info:      ┃ ┣obs_init_module(obs-transitions.so): 0.006 ms
info:      ┃ ┣obs_init_module(obs-vst.so): 0.002 ms
info:      ┃ ┣obs_init_module(obs-websocket.so): 16.876 ms
info:      ┃ ┣obs_init_module(obs-x264.so): 0.001 ms
info:      ┃ ┣obs_init_module(rtmp-services.so): 9.762 ms
info:      ┃ ┣obs_init_module(text-freetype2.so): 0.885 ms
info:      ┃ ┗obs_init_module(vlc-video.so): 2.195 ms
info:      ┣OBSBasic::InitService: 2.332 ms
info:      ┣OBSBasic::ResetOutputs: 0.144 ms
info:      ┣OBSBasic::CreateHotkeys: 0.02 ms
info:      ┣OBSBasic::InitPrimitives: 0.05 ms
info:      ┗OBSBasic::Load: 84.882 ms
info: obs_hotkey_thread(25 ms): min=0.07 ms, median=0.714 ms, max=11.9 ms, 99th percentile=2.725 ms, 100% below 25 ms
info: audio_thread(Audio): min=0.006 ms, median=0.021 ms, max=84.603 ms, 99th percentile=0.208 ms
info: obs_graphics_thread(33.3333 ms): min=0.201 ms, median=7.996 ms, max=135.727 ms, 99th percentile=19.843 ms, 99.6573% below 33.333 ms
info:  ┣tick_sources: min=0.001 ms, median=0.012 ms, max=97.147 ms, 99th percentile=0.052 ms
info:  ┣output_frame: min=0.14 ms, median=0.323 ms, max=90.663 ms, 99th percentile=1.28 ms
info:  ┃ ┗gs_context(video->graphics): min=0.14 ms, median=0.322 ms, max=90.646 ms, 99th percentile=1.266 ms
info:  ┃   ┣render_video: min=0.021 ms, median=0.306 ms, max=90.493 ms, 99th percentile=1.198 ms
info:  ┃   ┃ ┗render_main_texture: min=0.018 ms, median=0.301 ms, max=90.486 ms, 99th percentile=1.178 ms
info:  ┃   ┗gs_flush: min=0.001 ms, median=0.003 ms, max=0.967 ms, 99th percentile=0.249 ms
info:  ┗render_displays: min=0.003 ms, median=7.619 ms, max=60.366 ms, 99th percentile=18.515 ms
info: =================================================
info: == Profiler Time Between Calls ==================
info: obs_hotkey_thread(25 ms): min=25.158 ms, median=25.917 ms, max=36.994 ms, 11.5334% within ±2% of 25 ms (0% lower, 88.4666% higher)
info: obs_graphics_thread(33.3333 ms): min=14.962 ms, median=33.332 ms, max=135.736 ms, 99.3143% within ±2% of 33.333 ms (0.342857% lower, 0.342857% higher)
info: =================================================
info: Number of memory leaks: 0
debug: Found portal inhibitor
debug: Attempted path: /usr/bin/../share/obs/obs-studio/locale/en-US.ini
debug: Attempted path: /usr/bin/../share/obs/obs-studio/locale.ini
debug: Attempted path: /usr/bin/../share/obs/obs-studio/themes
debug: Attempted path: /usr/bin/../share/obs/obs-studio/themes/
warning: Get on org.freedesktop.portal.Settings returned an invalid reply
info: Command Line Arguments: --disable-gpu --no-sandbox
info: Using EGL/X11
info: CPU Name: Intel(R) Core(TM) i5-10310U CPU @ 1.70GHz
info: CPU Speed: 2208.000MHz
info: Physical Cores: 4, Logical Cores: 8
info: Physical Memory: 15870MB Total, 1681MB Free
info: Kernel Version: Linux 6.6.87.2-microsoft-standard-WSL2
info: Distribution: "Ubuntu" "24.04"
info: Window System: X11.0, Vendor: The X.Org Foundation, Version: 1.21.1
info: Current Date/Time: 2026-03-19, 07:38:34 PM
info: Browser Hardware Acceleration: false
info: Qt Version: 6.4.2 (runtime), 6.4.2 (compiled)
info: Portable mode: false
info: OBS 32.1.0 (linux)
info: ---------------------------------
info: ---------------------------------
info: audio settings reset:
	samples per sec: 48000
	speakers:        2
	max buffering:   960 milliseconds
	buffering type:  dynamically increasing
info: ---------------------------------
info: Initializing OpenGL...
warning: Unable to open DRM render node.
info: Loading up OpenGL on adapter Mesa llvmpipe (LLVM 20.1.2, 256 bits)
info: OpenGL loaded successfully, version 4.5 (Core Profile) Mesa 25.2.8-0ubuntu0.24.04.1, shading language 4.50
info: ---------------------------------
info: video settings reset:
	base resolution:   1280x720
	output resolution: 1920x1080
	downscale filter:  Bilinear
	fps:               30/1
	format:            NV12
	YUV mode:          Rec. 709/Partial
info: NV12 texture support enabled
info: P010 texture support not available
info: Audio monitoring device:
	name: Default
	id: default
info: ---------------------------------
warning: No AJA devices found, skipping loading AJA UI plugin
warning: Failed to initialize module 'aja-output-ui.so'
warning: No AJA devices found, skipping loading AJA plugin
warning: Failed to initialize module 'aja.so'
warning: Failed to load 'en-US' text for module: 'decklink-captions.so'
warning: Failed to load 'en-US' text for module: 'decklink-output-ui.so'
libDeckLinkAPI.so: cannot open shared object file: No such file or directory
warning: A DeckLink iterator could not be created.  The DeckLink drivers may not be installed
warning: Failed to initialize module 'decklink.so'
info: [pipewire] No capture sources available
warning: v4l2loopback not installed, virtual camera not registered
info: [obs-browser]: Version 2.26.8
info: [obs-browser]: CEF Version 127.0.6533.120 (runtime), 127.0.0-6533-fix-stutter-and-osr-extra-info.3042+g176b09c+chromium-127.0.6533.120 (compiled)
info: FFmpeg VAAPI H264 encoding not supported
info: FFmpeg VAAPI AV1 encoding not supported
info: FFmpeg VAAPI HEVC encoding not supported
error: os_dlopen(libnvidia-encode.so.1->libnvidia-encode.so.1): libnvidia-encode.so.1: cannot open shared object file: No such file or directory

info: NVENC not supported
warning: Failed to initialize module 'obs-nvenc.so'
info: [obs-websocket] [obs_module_load] you can haz websockets (Version: 5.7.2 | RPC Version: 1)
info: [obs-websocket] [obs_module_load] Qt version (compile-time): 6.4.2 | Qt version (run-time): 6.4.2
info: [obs-websocket] [obs_module_load] Linked ASIO Version: 102801
info: [obs-websocket] [obs_module_load] Module loaded.
info: [vlc-video]: VLC 3.0.20 Vetinari found, VLC video source enabled
info: ---------------------------------
info:   Loaded Modules:
info:     vlc-video.so
info:     text-freetype2.so
info:     rtmp-services.so
info:     obs-x264.so
info:     obs-websocket.so
info:     obs-vst.so
info:     obs-transitions.so
info:     obs-qsv11.so
info:     obs-outputs.so
info:     obs-libfdk.so
info:     obs-filters.so
info:     obs-ffmpeg.so
info:     obs-browser.so
info:     linux-v4l2.so
info:     linux-pulseaudio.so
info:     linux-pipewire.so
info:     linux-jack.so
info:     linux-capture.so
info:     linux-alsa.so
info:     image-source.so
info:     frontend-tools.so
info:     decklink-output-ui.so
info:     decklink-captions.so
info: ---------------------------------
info: ---------------------------------
info: Available Encoders:
info:   Video Encoders:
info: 	- ffmpeg_svt_av1 (SVT-AV1)
info: 	- ffmpeg_aom_av1 (AOM AV1)
info: 	- obs_x264 (x264)
info:   Audio Encoders:
info: 	- ffmpeg_aac (FFmpeg AAC)
info: 	- ffmpeg_opus (FFmpeg Opus)
info: 	- ffmpeg_pcm_s16le (FFmpeg PCM (16-bit))
info: 	- ffmpeg_pcm_s24le (FFmpeg PCM (24-bit))
info: 	- ffmpeg_pcm_f32le (FFmpeg PCM (32-bit float))
info: 	- ffmpeg_alac (FFmpeg ALAC (24-bit))
info: 	- ffmpeg_flac (FFmpeg FLAC (16-bit))
info: 	- libfdk_aac (libfdk AAC)
info: ==== Startup complete ===============================================
info: All scene data cleared
info: ------------------------------------------------
info: [Media Source 'Fondo']: settings:
	input:                   /headless/Videos/246242_medium.mp4
	input_format:            (null)
	speed:                   100
	is_looping:              yes
	is_linear_alpha:         no
	is_hw_decoding:          no
	is_clear_on_media_end:   yes
	restart_on_activate:     yes
	close_when_inactive:     no
	full_decode:             no
	ffmpeg_options:          
warning: MP: Failed to open media: '/headless/Videos/246242_medium.mp4'
[0000593c5abf7f30] vlcpulse audio output error: PulseAudio server connection failure: Connection refused
[0000593c5be34b30] vlcpulse audio output error: PulseAudio server connection failure: Connection refused
info: Switched to scene 'Scene'
info: ------------------------------------------------
info: Loaded scenes:
info: - scene 'Scene':
info:     - source: 'Fondo' (ffmpeg_source)
info:     - source: 'Music' (group)
info:         - source: 'Musica' (vlc_source)
info:             - filter: 'Gain' (gain_filter)
info: ------------------------------------------------
info: User added source 'Browser' (browser_source) to scene 'Scene'
[0319/193855.028679:WARNING:task_impl.cc(31)] No task runner for threadId 0
debug: Found portal inhibitor
debug: Attempted path: /usr/bin/../share/obs/obs-studio/locale/en-US.ini
debug: Attempted path: /usr/bin/../share/obs/obs-studio/locale.ini
debug: Attempted path: /usr/bin/../share/obs/obs-studio/themes
debug: Attempted path: /usr/bin/../share/obs/obs-studio/themes/
warning: Get on org.freedesktop.portal.Settings returned an invalid reply
warning: Crash or unclean shutdown detected
warning: [Safe Mode] Normal launch selected, loading third-party plugins is enabled
info: Command Line Arguments: --disable-gpu --no-sandbox
info: Using EGL/X11
info: CPU Name: Intel(R) Core(TM) i5-10310U CPU @ 1.70GHz
info: CPU Speed: 2208.000MHz
info: Physical Cores: 4, Logical Cores: 8
info: Physical Memory: 15870MB Total, 1623MB Free
info: Kernel Version: Linux 6.6.87.2-microsoft-standard-WSL2
info: Distribution: "Ubuntu" "24.04"
info: Window System: X11.0, Vendor: The X.Org Foundation, Version: 1.21.1
info: Current Date/Time: 2026-03-19, 07:41:43 PM
info: Browser Hardware Acceleration: false
info: Qt Version: 6.4.2 (runtime), 6.4.2 (compiled)
info: Portable mode: false
info: OBS 32.1.0 (linux)
info: ---------------------------------
info: ---------------------------------
info: audio settings reset:
	samples per sec: 48000
	speakers:        2
	max buffering:   960 milliseconds
	buffering type:  dynamically increasing
info: ---------------------------------
info: Initializing OpenGL...
warning: Unable to open DRM render node.
info: Loading up OpenGL on adapter Mesa llvmpipe (LLVM 20.1.2, 256 bits)
info: OpenGL loaded successfully, version 4.5 (Core Profile) Mesa 25.2.8-0ubuntu0.24.04.1, shading language 4.50
info: ---------------------------------
info: video settings reset:
	base resolution:   1280x720
	output resolution: 1920x1080
	downscale filter:  Bilinear
	fps:               30/1
	format:            NV12
	YUV mode:          Rec. 709/Partial
info: NV12 texture support enabled
info: P010 texture support not available
info: Audio monitoring device:
	name: Default
	id: default
info: ---------------------------------
warning: No AJA devices found, skipping loading AJA UI plugin
warning: Failed to initialize module 'aja-output-ui.so'
warning: No AJA devices found, skipping loading AJA plugin
warning: Failed to initialize module 'aja.so'
warning: Failed to load 'en-US' text for module: 'decklink-captions.so'
warning: Failed to load 'en-US' text for module: 'decklink-output-ui.so'
libDeckLinkAPI.so: cannot open shared object file: No such file or directory
warning: A DeckLink iterator could not be created.  The DeckLink drivers may not be installed
warning: Failed to initialize module 'decklink.so'
info: [pipewire] No capture sources available
warning: v4l2loopback not installed, virtual camera not registered
info: [obs-browser]: Version 2.26.8
info: [obs-browser]: CEF Version 127.0.6533.120 (runtime), 127.0.0-6533-fix-stutter-and-osr-extra-info.3042+g176b09c+chromium-127.0.6533.120 (compiled)
info: FFmpeg VAAPI H264 encoding not supported
info: FFmpeg VAAPI AV1 encoding not supported
info: FFmpeg VAAPI HEVC encoding not supported
error: os_dlopen(libnvidia-encode.so.1->libnvidia-encode.so.1): libnvidia-encode.so.1: cannot open shared object file: No such file or directory

info: NVENC not supported
warning: Failed to initialize module 'obs-nvenc.so'
info: [obs-websocket] [obs_module_load] you can haz websockets (Version: 5.7.2 | RPC Version: 1)
info: [obs-websocket] [obs_module_load] Qt version (compile-time): 6.4.2 | Qt version (run-time): 6.4.2
info: [obs-websocket] [obs_module_load] Linked ASIO Version: 102801
info: [obs-websocket] [obs_module_load] Module loaded.
info: [vlc-video]: VLC 3.0.20 Vetinari found, VLC video source enabled
info: ---------------------------------
info:   Loaded Modules:
info:     vlc-video.so
info:     text-freetype2.so
info:     rtmp-services.so
info:     obs-x264.so
info:     obs-websocket.so
info:     obs-vst.so
info:     obs-transitions.so
info:     obs-qsv11.so
info:     obs-outputs.so
info:     obs-libfdk.so
info:     obs-filters.so
info:     obs-ffmpeg.so
info:     obs-browser.so
info:     linux-v4l2.so
info:     linux-pulseaudio.so
info:     linux-pipewire.so
info:     linux-jack.so
info:     linux-capture.so
info:     linux-alsa.so
info:     image-source.so
info:     frontend-tools.so
info:     decklink-output-ui.so
info:     decklink-captions.so
info: ---------------------------------
info: ---------------------------------
info: Available Encoders:
info:   Video Encoders:
info: 	- ffmpeg_svt_av1 (SVT-AV1)
info: 	- ffmpeg_aom_av1 (AOM AV1)
info: 	- obs_x264 (x264)
info:   Audio Encoders:
info: 	- ffmpeg_aac (FFmpeg AAC)
info: 	- ffmpeg_opus (FFmpeg Opus)
info: 	- ffmpeg_pcm_s16le (FFmpeg PCM (16-bit))
info: 	- ffmpeg_pcm_s24le (FFmpeg PCM (24-bit))
info: 	- ffmpeg_pcm_f32le (FFmpeg PCM (32-bit float))
info: 	- ffmpeg_alac (FFmpeg ALAC (24-bit))
info: 	- ffmpeg_flac (FFmpeg FLAC (16-bit))
info: 	- libfdk_aac (libfdk AAC)
info: ==== Startup complete ===============================================
info: All scene data cleared
info: ------------------------------------------------
info: [Media Source 'Fondo']: settings:
	input:                   /headless/Videos/246242_medium.mp4
	input_format:            (null)
	speed:                   100
	is_looping:              yes
	is_linear_alpha:         no
	is_hw_decoding:          no
	is_clear_on_media_end:   yes
	restart_on_activate:     yes
	close_when_inactive:     no
	full_decode:             no
	ffmpeg_options:          
warning: MP: Failed to open media: '/headless/Videos/246242_medium.mp4'
[00005fd587c02bd0] vlcpulse audio output error: PulseAudio server connection failure: Connection refused
[00005fd589b27970] vlcpulse audio output error: PulseAudio server connection failure: Connection refused
info: Switched to scene 'Scene'
info: ------------------------------------------------
info: Loaded scenes:
info: - scene 'Scene':
info:     - source: 'Fondo' (ffmpeg_source)
info:     - source: 'Music' (group)
info:         - source: 'Musica' (vlc_source)
info:             - filter: 'Gain' (gain_filter)
info:     - source: 'Browser' (browser_source)
info: ------------------------------------------------
ALSA lib confmisc.c:855:(parse_card) cannot find card '0'
ALSA lib conf.c:5204:(_snd_config_evaluate) function snd_func_card_inum returned error: No such file or directory
ALSA lib confmisc.c:422:(snd_func_concat) error evaluating strings
ALSA lib conf.c:5204:(_snd_config_evaluate) function snd_func_concat returned error: No such file or directory
ALSA lib confmisc.c:1342:(snd_func_refer) error evaluating name
ALSA lib conf.c:5204:(_snd_config_evaluate) function snd_func_refer returned error: No such file or directory
ALSA lib conf.c:5727:(snd_config_expand) Evaluate error: No such file or directory
ALSA lib pcm.c:2721:(snd_pcm_open_noupdate) Unknown PCM default
ALSA lib confmisc.c:855:(parse_card) cannot find card '0'
ALSA lib conf.c:5204:(_snd_config_evaluate) function snd_func_card_inum returned error: No such file or directory
ALSA lib confmisc.c:422:(snd_func_concat) error evaluating strings
ALSA lib conf.c:5204:(_snd_config_evaluate) function snd_func_concat returned error: No such file or directory
ALSA lib confmisc.c:1342:(snd_func_refer) error evaluating name
ALSA lib conf.c:5204:(_snd_config_evaluate) function snd_func_refer returned error: No such file or directory
ALSA lib conf.c:5727:(snd_config_expand) Evaluate error: No such file or directory
ALSA lib pcm.c:2721:(snd_pcm_open_noupdate) Unknown PCM default
info: User added source 'Browser 2' (browser_source) to scene 'Scene'
ALSA lib confmisc.c:855:(parse_card) cannot find card '0'
ALSA lib conf.c:5204:(_snd_config_evaluate) function snd_func_card_inum returned error: No such file or directory
ALSA lib confmisc.c:422:(snd_func_concat) error evaluating strings
ALSA lib conf.c:5204:(_snd_config_evaluate) function snd_func_concat returned error: No such file or directory
ALSA lib confmisc.c:1342:(snd_func_refer) error evaluating name
ALSA lib conf.c:5204:(_snd_config_evaluate) function snd_func_refer returned error: No such file or directory
ALSA lib conf.c:5727:(snd_config_expand) Evaluate error: No such file or directory
ALSA lib pcm.c:2721:(snd_pcm_open_noupdate) Unknown PCM default
ALSA lib confmisc.c:855:(parse_card) cannot find card '0'
ALSA lib conf.c:5204:(_snd_config_evaluate) function snd_func_card_inum returned error: No such file or directory
ALSA lib confmisc.c:422:(snd_func_concat) error evaluating strings
ALSA lib conf.c:5204:(_snd_config_evaluate) function snd_func_concat returned error: No such file or directory
ALSA lib confmisc.c:1342:(snd_func_refer) error evaluating name
ALSA lib conf.c:5204:(_snd_config_evaluate) function snd_func_refer returned error: No such file or directory
ALSA lib conf.c:5727:(snd_config_expand) Evaluate error: No such file or directory
ALSA lib pcm.c:2721:(snd_pcm_open_noupdate) Unknown PCM default
info: User Removed source 'Browser 2' (browser_source) from scene 'Scene'
info: ==== Shutting down ==================================================
info: All scene data cleared
info: ------------------------------------------------
error: Tried to call obs_frontend_remove_event_callback with no callbacks!
info: [obs-websocket] [obs_module_unload] Shutting down...
error: Tried to call obs_frontend_remove_event_callback with no callbacks!
info: [obs-websocket] [obs_module_unload] Finished shutting down.
info: [Scripting] Total detached callbacks: 0
info: Freeing OBS context data
info: == Profiler Results =============================
info: run_program_init: 37852.8 ms
info:  ┣OBSApp::AppInit: 43.64 ms
info:  ┃ ┗OBSApp::InitLocale: 1.451 ms
info:  ┗OBSApp::OBSInit: 1169.76 ms
info:    ┣obs_startup: 12.497 ms
info:    ┗OBSBasic::OBSInit: 1124.07 ms
info:      ┣OBSBasic::InitBasicConfig: 21.276 ms
info:      ┣OBSBasic::ResetAudio: 1.451 ms
info:      ┣OBSBasic::ResetVideo: 349.107 ms
info:      ┃ ┗obs_init_graphics: 325.329 ms
info:      ┃   ┗shader compilation: 207.622 ms
info:      ┣OBSBasic::InitOBSCallbacks: 0.009 ms
info:      ┣OBSBasic::InitHotkeys: 0.037 ms
info:      ┣obs_load_all_modules2: 283.459 ms
info:      ┃ ┣obs_init_module(aja-output-ui.so): 0.694 ms
info:      ┃ ┣obs_init_module(aja.so): 0.679 ms
info:      ┃ ┣obs_init_module(decklink-captions.so): 0 ms
info:      ┃ ┣obs_init_module(decklink-output-ui.so): 0 ms
info:      ┃ ┣obs_init_module(decklink.so): 0.807 ms
info:      ┃ ┣obs_init_module(frontend-tools.so): 113.872 ms
info:      ┃ ┣obs_init_module(image-source.so): 0.006 ms
info:      ┃ ┣obs_init_module(linux-alsa.so): 0.001 ms
info:      ┃ ┣obs_init_module(linux-capture.so): 1.314 ms
info:      ┃ ┣obs_init_module(linux-jack.so): 0.001 ms
info:      ┃ ┣obs_init_module(linux-pipewire.so): 14.471 ms
info:      ┃ ┣obs_init_module(linux-pulseaudio.so): 0.003 ms
info:      ┃ ┣obs_init_module(linux-v4l2.so): 3.026 ms
info:      ┃ ┣obs_init_module(obs-browser.so): 0.628 ms
info:      ┃ ┣obs_init_module(obs-ffmpeg.so): 1.567 ms
info:      ┃ ┣obs_init_module(obs-filters.so): 0.017 ms
info:      ┃ ┣obs_init_module(obs-libfdk.so): 0.001 ms
info:      ┃ ┣obs_init_module(obs-nvenc.so): 1.848 ms
info:      ┃ ┃ ┗nvenc_check: 0.99 ms
info:      ┃ ┣obs_init_module(obs-outputs.so): 0.004 ms
info:      ┃ ┣obs_init_module(obs-qsv11.so): 0.082 ms
info:      ┃ ┣obs_init_module(obs-transitions.so): 0.006 ms
info:      ┃ ┣obs_init_module(obs-vst.so): 0.002 ms
info:      ┃ ┣obs_init_module(obs-websocket.so): 16.89 ms
info:      ┃ ┣obs_init_module(obs-x264.so): 0.001 ms
info:      ┃ ┣obs_init_module(rtmp-services.so): 9.221 ms
info:      ┃ ┣obs_init_module(text-freetype2.so): 0.885 ms
info:      ┃ ┗obs_init_module(vlc-video.so): 1.688 ms
info:      ┣OBSBasic::InitService: 2.401 ms
info:      ┣OBSBasic::ResetOutputs: 0.148 ms
info:      ┣OBSBasic::CreateHotkeys: 0.022 ms
info:      ┣OBSBasic::InitPrimitives: 0.049 ms
info:      ┗OBSBasic::Load: 74.442 ms
info: obs_hotkey_thread(25 ms): min=0.075 ms, median=0.58 ms, max=67.771 ms, 99th percentile=7.285 ms, 99.9388% below 25 ms
info: audio_thread(Audio): min=0.007 ms, median=0.062 ms, max=125.418 ms, 99th percentile=0.636 ms
info: obs_graphics_thread(33.3333 ms): min=0.177 ms, median=14.388 ms, max=165.905 ms, 99th percentile=40.669 ms, 98.2223% below 33.333 ms
info:  ┣tick_sources: min=0.001 ms, median=0.016 ms, max=68.489 ms, 99th percentile=0.112 ms
info:  ┣output_frame: min=0.136 ms, median=0.361 ms, max=128.006 ms, 99th percentile=1.159 ms
info:  ┃ ┗gs_context(video->graphics): min=0.136 ms, median=0.36 ms, max=128.002 ms, 99th percentile=1.153 ms
info:  ┃   ┣render_video: min=0.021 ms, median=0.343 ms, max=127.778 ms, 99th percentile=0.908 ms
info:  ┃   ┃ ┗render_main_texture: min=0.018 ms, median=0.337 ms, max=127.769 ms, 99th percentile=0.893 ms
info:  ┃   ┗gs_flush: min=0.001 ms, median=0.003 ms, max=2.637 ms, 99th percentile=0.016 ms
info:  ┗render_displays: min=0.003 ms, median=13.886 ms, max=165.421 ms, 99th percentile=38.821 ms
info: =================================================
info: == Profiler Time Between Calls ==================
info: obs_hotkey_thread(25 ms): min=25.135 ms, median=25.778 ms, max=92.894 ms, 22.2426% within ±2% of 25 ms (0% lower, 77.7574% higher)
info: obs_graphics_thread(33.3333 ms): min=5.217 ms, median=33.334 ms, max=165.918 ms, 96.9723% within ±2% of 33.333 ms (1.24214% lower, 1.78558% higher)
info: =================================================
info: Number of memory leaks: 0
debug: Found portal inhibitor
debug: Attempted path: /usr/bin/../share/obs/obs-studio/locale/en-US.ini
debug: Attempted path: /usr/bin/../share/obs/obs-studio/locale.ini
debug: Attempted path: /usr/bin/../share/obs/obs-studio/themes
debug: Attempted path: /usr/bin/../share/obs/obs-studio/themes/
warning: Get on org.freedesktop.portal.Settings returned an invalid reply
info: Command Line Arguments: --disable-gpu --no-sandbox
info: Using EGL/X11
info: CPU Name: Intel(R) Core(TM) i5-10310U CPU @ 1.70GHz
info: CPU Speed: 2208.000MHz
info: Physical Cores: 4, Logical Cores: 8
info: Physical Memory: 15870MB Total, 1813MB Free
info: Kernel Version: Linux 6.6.87.2-microsoft-standard-WSL2
info: Distribution: "Ubuntu" "24.04"
info: Window System: X11.0, Vendor: The X.Org Foundation, Version: 1.21.1
info: Current Date/Time: 2026-03-19, 07:51:06 PM
info: Browser Hardware Acceleration: false
info: Qt Version: 6.4.2 (runtime), 6.4.2 (compiled)
info: Portable mode: false
info: OBS 32.1.0 (linux)
info: ---------------------------------
info: ---------------------------------
info: audio settings reset:
	samples per sec: 48000
	speakers:        2
	max buffering:   960 milliseconds
	buffering type:  dynamically increasing
info: ---------------------------------
info: Initializing OpenGL...
warning: Unable to open DRM render node.
info: Loading up OpenGL on adapter Mesa llvmpipe (LLVM 20.1.2, 256 bits)
info: OpenGL loaded successfully, version 4.5 (Core Profile) Mesa 25.2.8-0ubuntu0.24.04.1, shading language 4.50
info: ---------------------------------
info: video settings reset:
	base resolution:   1280x720
	output resolution: 1920x1080
	downscale filter:  Bilinear
	fps:               30/1
	format:            NV12
	YUV mode:          Rec. 709/Partial
info: NV12 texture support enabled
info: P010 texture support not available
info: Audio monitoring device:
	name: Default
	id: default
info: ---------------------------------
warning: No AJA devices found, skipping loading AJA UI plugin
warning: Failed to initialize module 'aja-output-ui.so'
warning: No AJA devices found, skipping loading AJA plugin
warning: Failed to initialize module 'aja.so'
warning: Failed to load 'en-US' text for module: 'decklink-captions.so'
warning: Failed to load 'en-US' text for module: 'decklink-output-ui.so'
libDeckLinkAPI.so: cannot open shared object file: No such file or directory
warning: A DeckLink iterator could not be created.  The DeckLink drivers may not be installed
warning: Failed to initialize module 'decklink.so'
info: [pipewire] No capture sources available
warning: v4l2loopback not installed, virtual camera not registered
info: [obs-browser]: Version 2.26.8
info: [obs-browser]: CEF Version 127.0.6533.120 (runtime), 127.0.0-6533-fix-stutter-and-osr-extra-info.3042+g176b09c+chromium-127.0.6533.120 (compiled)
info: FFmpeg VAAPI H264 encoding not supported
info: FFmpeg VAAPI AV1 encoding not supported
info: FFmpeg VAAPI HEVC encoding not supported
error: os_dlopen(libnvidia-encode.so.1->libnvidia-encode.so.1): libnvidia-encode.so.1: cannot open shared object file: No such file or directory

info: NVENC not supported
warning: Failed to initialize module 'obs-nvenc.so'
info: [obs-websocket] [obs_module_load] you can haz websockets (Version: 5.7.2 | RPC Version: 1)
info: [obs-websocket] [obs_module_load] Qt version (compile-time): 6.4.2 | Qt version (run-time): 6.4.2
info: [obs-websocket] [obs_module_load] Linked ASIO Version: 102801
info: [obs-websocket] [obs_module_load] Module loaded.
info: [vlc-video]: VLC 3.0.20 Vetinari found, VLC video source enabled
info: ---------------------------------
info:   Loaded Modules:
info:     vlc-video.so
info:     text-freetype2.so
info:     rtmp-services.so
info:     obs-x264.so
info:     obs-websocket.so
info:     obs-vst.so
info:     obs-transitions.so
info:     obs-qsv11.so
info:     obs-outputs.so
info:     obs-libfdk.so
info:     obs-filters.so
info:     obs-ffmpeg.so
info:     obs-browser.so
info:     linux-v4l2.so
info:     linux-pulseaudio.so
info:     linux-pipewire.so
info:     linux-jack.so
info:     linux-capture.so
info:     linux-alsa.so
info:     image-source.so
info:     frontend-tools.so
info:     decklink-output-ui.so
info:     decklink-captions.so
info: ---------------------------------
info: ---------------------------------
info: Available Encoders:
info:   Video Encoders:
info: 	- ffmpeg_svt_av1 (SVT-AV1)
info: 	- ffmpeg_aom_av1 (AOM AV1)
info: 	- obs_x264 (x264)
info:   Audio Encoders:
info: 	- ffmpeg_aac (FFmpeg AAC)
info: 	- ffmpeg_opus (FFmpeg Opus)
info: 	- ffmpeg_pcm_s16le (FFmpeg PCM (16-bit))
info: 	- ffmpeg_pcm_s24le (FFmpeg PCM (24-bit))
info: 	- ffmpeg_pcm_f32le (FFmpeg PCM (32-bit float))
info: 	- ffmpeg_alac (FFmpeg ALAC (24-bit))
info: 	- ffmpeg_flac (FFmpeg FLAC (16-bit))
info: 	- libfdk_aac (libfdk AAC)
info: ==== Startup complete ===============================================
info: All scene data cleared
info: ------------------------------------------------
info: [Media Source 'Fondo']: settings:
	input:                   /headless/Videos/246242_medium.mp4
	input_format:            (null)
	speed:                   100
	is_looping:              yes
	is_linear_alpha:         no
	is_hw_decoding:          no
	is_clear_on_media_end:   yes
	restart_on_activate:     yes
	close_when_inactive:     no
	full_decode:             no
	ffmpeg_options:          
warning: MP: Failed to open media: '/headless/Videos/246242_medium.mp4'
[00005eb0b7224240] vlcpulse audio output error: PulseAudio server connection failure: Connection refused
[00005eb0b8b5f380] vlcpulse audio output error: PulseAudio server connection failure: Connection refused
info: Switched to scene 'Scene'
info: ------------------------------------------------
info: Loaded scenes:
info: - scene 'Scene':
info:     - source: 'Fondo' (ffmpeg_source)
info:     - source: 'Music' (group)
info:         - source: 'Musica' (vlc_source)
info:             - filter: 'Gain' (gain_filter)
info:     - source: 'Browser' (browser_source)
info: ------------------------------------------------
info: ==== Shutting down ==================================================
info: All scene data cleared
info: ------------------------------------------------
error: Tried to call obs_frontend_remove_event_callback with no callbacks!
info: [obs-websocket] [obs_module_unload] Shutting down...
error: Tried to call obs_frontend_remove_event_callback with no callbacks!
info: [obs-websocket] [obs_module_unload] Finished shutting down.
info: [Scripting] Total detached callbacks: 0
info: Freeing OBS context data
info: == Profiler Results =============================
info: run_program_init: 1314.28 ms
info:  ┣OBSApp::AppInit: 46.664 ms
info:  ┃ ┗OBSApp::InitLocale: 2.222 ms
info:  ┗OBSApp::OBSInit: 1105.29 ms
info:    ┣obs_startup: 5.294 ms
info:    ┗OBSBasic::OBSInit: 1027.63 ms
info:      ┣OBSBasic::InitBasicConfig: 17.009 ms
info:      ┣OBSBasic::ResetAudio: 1.152 ms
info:      ┣OBSBasic::ResetVideo: 314.509 ms
info:      ┃ ┗obs_init_graphics: 290.02 ms
info:      ┃   ┗shader compilation: 181.6 ms
info:      ┣OBSBasic::InitOBSCallbacks: 0.009 ms
info:      ┣OBSBasic::InitHotkeys: 0.032 ms
info:      ┣obs_load_all_modules2: 284.674 ms
info:      ┃ ┣obs_init_module(aja-output-ui.so): 0.604 ms
info:      ┃ ┣obs_init_module(aja.so): 0.613 ms
info:      ┃ ┣obs_init_module(decklink-captions.so): 0 ms
info:      ┃ ┣obs_init_module(decklink-output-ui.so): 0 ms
info:      ┃ ┣obs_init_module(decklink.so): 1.099 ms
info:      ┃ ┣obs_init_module(frontend-tools.so): 110.399 ms
info:      ┃ ┣obs_init_module(image-source.so): 0.005 ms
info:      ┃ ┣obs_init_module(linux-alsa.so): 0.001 ms
info:      ┃ ┣obs_init_module(linux-capture.so): 3.009 ms
info:      ┃ ┣obs_init_module(linux-jack.so): 0.002 ms
info:      ┃ ┣obs_init_module(linux-pipewire.so): 14.765 ms
info:      ┃ ┣obs_init_module(linux-pulseaudio.so): 0.003 ms
info:      ┃ ┣obs_init_module(linux-v4l2.so): 3.315 ms
info:      ┃ ┣obs_init_module(obs-browser.so): 1.477 ms
info:      ┃ ┣obs_init_module(obs-ffmpeg.so): 1.766 ms
info:      ┃ ┣obs_init_module(obs-filters.so): 0.015 ms
info:      ┃ ┣obs_init_module(obs-libfdk.so): 0.001 ms
info:      ┃ ┣obs_init_module(obs-nvenc.so): 2.31 ms
info:      ┃ ┃ ┗nvenc_check: 1.414 ms
info:      ┃ ┣obs_init_module(obs-outputs.so): 0.003 ms
info:      ┃ ┣obs_init_module(obs-qsv11.so): 0.086 ms
info:      ┃ ┣obs_init_module(obs-transitions.so): 0.005 ms
info:      ┃ ┣obs_init_module(obs-vst.so): 0.002 ms
info:      ┃ ┣obs_init_module(obs-websocket.so): 17.785 ms
info:      ┃ ┣obs_init_module(obs-x264.so): 0.001 ms
info:      ┃ ┣obs_init_module(rtmp-services.so): 10.293 ms
info:      ┃ ┣obs_init_module(text-freetype2.so): 0.872 ms
info:      ┃ ┗obs_init_module(vlc-video.so): 1.512 ms
info:      ┣OBSBasic::InitService: 2.662 ms
info:      ┣OBSBasic::ResetOutputs: 0.148 ms
info:      ┣OBSBasic::CreateHotkeys: 0.02 ms
info:      ┣OBSBasic::InitPrimitives: 0.048 ms
info:      ┗OBSBasic::Load: 112.954 ms
info: obs_hotkey_thread(25 ms): min=0.067 ms, median=0.717 ms, max=19.936 ms, 99th percentile=3.99 ms, 100% below 25 ms
info: audio_thread(Audio): min=0.008 ms, median=0.022 ms, max=50.389 ms, 99th percentile=0.371 ms
info: obs_graphics_thread(33.3333 ms): min=0.191 ms, median=8.429 ms, max=160.865 ms, 99th percentile=21.599 ms, 99.503% below 33.333 ms
info:  ┣tick_sources: min=0.001 ms, median=0.012 ms, max=66.12 ms, 99th percentile=0.063 ms
info:  ┣output_frame: min=0.128 ms, median=0.318 ms, max=67.077 ms, 99th percentile=1.008 ms
info:  ┃ ┗gs_context(video->graphics): min=0.128 ms, median=0.317 ms, max=67.059 ms, 99th percentile=1.004 ms
info:  ┃   ┣render_video: min=0.02 ms, median=0.302 ms, max=48.753 ms, 99th percentile=0.963 ms
info:  ┃   ┃ ┗render_main_texture: min=0.017 ms, median=0.297 ms, max=48.745 ms, 99th percentile=0.95 ms
info:  ┃   ┗gs_flush: min=0.001 ms, median=0.003 ms, max=0.529 ms, 99th percentile=0.148 ms
info:  ┗render_displays: min=0.003 ms, median=8.028 ms, max=160.638 ms, 99th percentile=20.085 ms
info: =================================================
info: == Profiler Time Between Calls ==================
info: obs_hotkey_thread(25 ms): min=25.164 ms, median=25.907 ms, max=45.085 ms, 13.3791% within ±2% of 25 ms (0% lower, 86.6209% higher)
info: obs_graphics_thread(33.3333 ms): min=0.313 ms, median=33.339 ms, max=160.873 ms, 99.0055% within ±2% of 33.333 ms (0.497238% lower, 0.497238% higher)
info: =================================================
info: Number of memory leaks: 0
debug: Found portal inhibitor
debug: Attempted path: /usr/bin/../share/obs/obs-studio/locale/en-US.ini
debug: Attempted path: /usr/bin/../share/obs/obs-studio/locale.ini
debug: Attempted path: /usr/bin/../share/obs/obs-studio/themes
debug: Attempted path: /usr/bin/../share/obs/obs-studio/themes/
warning: Get on org.freedesktop.portal.Settings returned an invalid reply
warning: Crash or unclean shutdown detected
warning: [Safe Mode] Normal launch selected, loading third-party plugins is enabled
info: Command Line Arguments: --disable-gpu --no-sandbox
info: Using EGL/X11
info: CPU Name: Intel(R) Core(TM) i5-10310U CPU @ 1.70GHz
info: CPU Speed: 2208.000MHz
info: Physical Cores: 4, Logical Cores: 8
info: Physical Memory: 15870MB Total, 1791MB Free
info: Kernel Version: Linux 6.6.87.2-microsoft-standard-WSL2
info: Distribution: "Ubuntu" "24.04"
info: Window System: X11.0, Vendor: The X.Org Foundation, Version: 1.21.1
info: Current Date/Time: 2026-03-19, 07:58:31 PM
info: Browser Hardware Acceleration: false
info: Qt Version: 6.4.2 (runtime), 6.4.2 (compiled)
info: Portable mode: false
info: OBS 32.1.0 (linux)
info: ---------------------------------
info: ---------------------------------
info: audio settings reset:
	samples per sec: 48000
	speakers:        2
	max buffering:   960 milliseconds
	buffering type:  dynamically increasing
info: ---------------------------------
info: Initializing OpenGL...
warning: Unable to open DRM render node.
info: Loading up OpenGL on adapter Mesa llvmpipe (LLVM 20.1.2, 256 bits)
info: OpenGL loaded successfully, version 4.5 (Core Profile) Mesa 25.2.8-0ubuntu0.24.04.1, shading language 4.50
info: ---------------------------------
info: video settings reset:
	base resolution:   1280x720
	output resolution: 1920x1080
	downscale filter:  Bilinear
	fps:               30/1
	format:            NV12
	YUV mode:          Rec. 709/Partial
info: NV12 texture support enabled
info: P010 texture support not available
info: Audio monitoring device:
	name: Default
	id: default
info: ---------------------------------
warning: No AJA devices found, skipping loading AJA UI plugin
warning: Failed to initialize module 'aja-output-ui.so'
warning: No AJA devices found, skipping loading AJA plugin
warning: Failed to initialize module 'aja.so'
warning: Failed to load 'en-US' text for module: 'decklink-captions.so'
warning: Failed to load 'en-US' text for module: 'decklink-output-ui.so'
libDeckLinkAPI.so: cannot open shared object file: No such file or directory
warning: A DeckLink iterator could not be created.  The DeckLink drivers may not be installed
warning: Failed to initialize module 'decklink.so'
info: [pipewire] No capture sources available
warning: v4l2loopback not installed, virtual camera not registered
info: [obs-browser]: Version 2.26.8
info: [obs-browser]: CEF Version 127.0.6533.120 (runtime), 127.0.0-6533-fix-stutter-and-osr-extra-info.3042+g176b09c+chromium-127.0.6533.120 (compiled)
info: FFmpeg VAAPI H264 encoding not supported
info: FFmpeg VAAPI AV1 encoding not supported
info: FFmpeg VAAPI HEVC encoding not supported
error: os_dlopen(libnvidia-encode.so.1->libnvidia-encode.so.1): libnvidia-encode.so.1: cannot open shared object file: No such file or directory

info: NVENC not supported
warning: Failed to initialize module 'obs-nvenc.so'
info: [obs-websocket] [obs_module_load] you can haz websockets (Version: 5.7.2 | RPC Version: 1)
info: [obs-websocket] [obs_module_load] Qt version (compile-time): 6.4.2 | Qt version (run-time): 6.4.2
info: [obs-websocket] [obs_module_load] Linked ASIO Version: 102801
info: [obs-websocket] [obs_module_load] Module loaded.
info: [vlc-video]: VLC 3.0.20 Vetinari found, VLC video source enabled
info: ---------------------------------
info:   Loaded Modules:
info:     vlc-video.so
info:     text-freetype2.so
info:     rtmp-services.so
info:     obs-x264.so
info:     obs-websocket.so
info:     obs-vst.so
info:     obs-transitions.so
info:     obs-qsv11.so
info:     obs-outputs.so
info:     obs-libfdk.so
info:     obs-filters.so
info:     obs-ffmpeg.so
info:     obs-browser.so
info:     linux-v4l2.so
info:     linux-pulseaudio.so
info:     linux-pipewire.so
info:     linux-jack.so
info:     linux-capture.so
info:     linux-alsa.so
info:     image-source.so
info:     frontend-tools.so
info:     decklink-output-ui.so
info:     decklink-captions.so
info: ---------------------------------
info: ---------------------------------
info: Available Encoders:
info:   Video Encoders:
info: 	- ffmpeg_svt_av1 (SVT-AV1)
info: 	- ffmpeg_aom_av1 (AOM AV1)
info: 	- obs_x264 (x264)
info:   Audio Encoders:
info: 	- ffmpeg_aac (FFmpeg AAC)
info: 	- ffmpeg_opus (FFmpeg Opus)
info: 	- ffmpeg_pcm_s16le (FFmpeg PCM (16-bit))
info: 	- ffmpeg_pcm_s24le (FFmpeg PCM (24-bit))
info: 	- ffmpeg_pcm_f32le (FFmpeg PCM (32-bit float))
info: 	- ffmpeg_alac (FFmpeg ALAC (24-bit))
info: 	- ffmpeg_flac (FFmpeg FLAC (16-bit))
info: 	- libfdk_aac (libfdk AAC)
info: ==== Startup complete ===============================================
info: All scene data cleared
info: ------------------------------------------------
info: [Media Source 'Fondo']: settings:
	input:                   /headless/Videos/246242_medium.mp4
	input_format:            (null)
	speed:                   100
	is_looping:              yes
	is_linear_alpha:         no
	is_hw_decoding:          no
	is_clear_on_media_end:   yes
	restart_on_activate:     yes
	close_when_inactive:     no
	full_decode:             no
	ffmpeg_options:          
warning: MP: Failed to open media: '/headless/Videos/246242_medium.mp4'
[00006535100c93f0] vlcpulse audio output error: PulseAudio server connection failure: Connection refused
[00006535159dc1e0] vlcpulse audio output error: PulseAudio server connection failure: Connection refused
info: Switched to scene 'Scene'
info: ------------------------------------------------
info: Loaded scenes:
info: - scene 'Scene':
info:     - source: 'Fondo' (ffmpeg_source)
info:     - source: 'Music' (group)
info:         - source: 'Musica' (vlc_source)
info:             - filter: 'Gain' (gain_filter)
info:     - source: 'Browser' (browser_source)
info: ------------------------------------------------
info: User Removed source 'Browser' (browser_source) from scene 'Scene'
info: User added source 'Browser' (browser_source) to scene 'Scene'
info: ==== Shutting down ==================================================
info: All scene data cleared
info: ------------------------------------------------
error: Tried to call obs_frontend_remove_event_callback with no callbacks!
info: [obs-websocket] [obs_module_unload] Shutting down...
error: Tried to call obs_frontend_remove_event_callback with no callbacks!
info: [obs-websocket] [obs_module_unload] Finished shutting down.
info: [Scripting] Total detached callbacks: 0
info: Freeing OBS context data
info: == Profiler Results =============================
info: run_program_init: 9322.94 ms
info:  ┣OBSApp::AppInit: 42.032 ms
info:  ┃ ┗OBSApp::InitLocale: 1.374 ms
info:  ┗OBSApp::OBSInit: 1114.47 ms
info:    ┣obs_startup: 12.149 ms
info:    ┗OBSBasic::OBSInit: 1048.35 ms
info:      ┣OBSBasic::InitBasicConfig: 15.447 ms
info:      ┣OBSBasic::ResetAudio: 1.258 ms
info:      ┣OBSBasic::ResetVideo: 304.73 ms
info:      ┃ ┗obs_init_graphics: 267.561 ms
info:      ┃   ┗shader compilation: 171.434 ms
info:      ┣OBSBasic::InitOBSCallbacks: 0.009 ms
info:      ┣OBSBasic::InitHotkeys: 0.027 ms
info:      ┣obs_load_all_modules2: 282.939 ms
info:      ┃ ┣obs_init_module(aja-output-ui.so): 0.691 ms
info:      ┃ ┣obs_init_module(aja.so): 0.644 ms
info:      ┃ ┣obs_init_module(decklink-captions.so): 0 ms
info:      ┃ ┣obs_init_module(decklink-output-ui.so): 0 ms
info:      ┃ ┣obs_init_module(decklink.so): 0.832 ms
info:      ┃ ┣obs_init_module(frontend-tools.so): 116.292 ms
info:      ┃ ┣obs_init_module(image-source.so): 0.006 ms
info:      ┃ ┣obs_init_module(linux-alsa.so): 0.001 ms
info:      ┃ ┣obs_init_module(linux-capture.so): 1.939 ms
info:      ┃ ┣obs_init_module(linux-jack.so): 0.019 ms
info:      ┃ ┣obs_init_module(linux-pipewire.so): 14.116 ms
info:      ┃ ┣obs_init_module(linux-pulseaudio.so): 0.003 ms
info:      ┃ ┣obs_init_module(linux-v4l2.so): 3.013 ms
info:      ┃ ┣obs_init_module(obs-browser.so): 0.668 ms
info:      ┃ ┣obs_init_module(obs-ffmpeg.so): 1.262 ms
info:      ┃ ┣obs_init_module(obs-filters.so): 0.017 ms
info:      ┃ ┣obs_init_module(obs-libfdk.so): 0.001 ms
info:      ┃ ┣obs_init_module(obs-nvenc.so): 1.124 ms
info:      ┃ ┃ ┗nvenc_check: 0.682 ms
info:      ┃ ┣obs_init_module(obs-outputs.so): 0.003 ms
info:      ┃ ┣obs_init_module(obs-qsv11.so): 0.086 ms
info:      ┃ ┣obs_init_module(obs-transitions.so): 0.006 ms
info:      ┃ ┣obs_init_module(obs-vst.so): 0.002 ms
info:      ┃ ┣obs_init_module(obs-websocket.so): 16.814 ms
info:      ┃ ┣obs_init_module(obs-x264.so): 0.002 ms
info:      ┃ ┣obs_init_module(rtmp-services.so): 10.135 ms
info:      ┃ ┣obs_init_module(text-freetype2.so): 0.914 ms
info:      ┃ ┗obs_init_module(vlc-video.so): 1.624 ms
info:      ┣OBSBasic::InitService: 2.435 ms
info:      ┣OBSBasic::ResetOutputs: 0.147 ms
info:      ┣OBSBasic::CreateHotkeys: 0.022 ms
info:      ┣OBSBasic::InitPrimitives: 0.049 ms
info:      ┗OBSBasic::Load: 75.458 ms
info: obs_hotkey_thread(25 ms): min=0.065 ms, median=0.772 ms, max=21.425 ms, 99th percentile=4.407 ms, 100% below 25 ms
info: audio_thread(Audio): min=0.007 ms, median=0.023 ms, max=153.314 ms, 99th percentile=0.401 ms
info: obs_graphics_thread(33.3333 ms): min=0.185 ms, median=12.512 ms, max=169.909 ms, 99th percentile=24.708 ms, 99.7333% below 33.333 ms
info:  ┣tick_sources: min=0.001 ms, median=0.013 ms, max=75.702 ms, 99th percentile=0.049 ms
info:  ┣output_frame: min=0.138 ms, median=0.351 ms, max=164.734 ms, 99th percentile=1.087 ms
info:  ┃ ┗gs_context(video->graphics): min=0.138 ms, median=0.35 ms, max=164.73 ms, 99th percentile=1.076 ms
info:  ┃   ┣render_video: min=0.021 ms, median=0.33 ms, max=164.631 ms, 99th percentile=1.024 ms
info:  ┃   ┃ ┗render_main_texture: min=0.018 ms, median=0.325 ms, max=164.623 ms, 99th percentile=1.009 ms
info:  ┃   ┗gs_flush: min=0.001 ms, median=0.003 ms, max=11.641 ms, 99th percentile=0.199 ms
info:  ┗render_displays: min=0.003 ms, median=12.106 ms, max=80.005 ms, 99th percentile=23.705 ms
info: =================================================
info: == Profiler Time Between Calls ==================
info: obs_hotkey_thread(25 ms): min=25.117 ms, median=26.184 ms, max=46.516 ms, 9.84725% within ±2% of 25 ms (0% lower, 90.1527% higher)
info: obs_graphics_thread(33.3333 ms): min=17.652 ms, median=33.334 ms, max=169.934 ms, 99.4255% within ±2% of 33.333 ms (0.266721% lower, 0.307755% higher)
info: =================================================
info: Number of memory leaks: 0
debug: Found portal inhibitor
debug: Attempted path: /usr/bin/../share/obs/obs-studio/locale/en-US.ini
debug: Attempted path: /usr/bin/../share/obs/obs-studio/locale.ini
debug: Attempted path: /usr/bin/../share/obs/obs-studio/themes
debug: Attempted path: /usr/bin/../share/obs/obs-studio/themes/
warning: Get on org.freedesktop.portal.Settings returned an invalid reply
warning: Crash or unclean shutdown detected
warning: [Safe Mode] Normal launch selected, loading third-party plugins is enabled
info: Command Line Arguments: --disable-gpu --no-sandbox --disable-shutdown-check
info: Using EGL/X11
info: CPU Name: Intel(R) Core(TM) i5-10310U CPU @ 1.70GHz
info: CPU Speed: 2208.000MHz
info: Physical Cores: 4, Logical Cores: 8
info: Physical Memory: 15870MB Total, 1339MB Free
info: Kernel Version: Linux 6.6.87.2-microsoft-standard-WSL2
info: Distribution: "Ubuntu" "24.04"
info: Window System: X11.0, Vendor: The X.Org Foundation, Version: 1.21.1
info: Current Date/Time: 2026-03-19, 08:04:52 PM
info: Browser Hardware Acceleration: false
info: Qt Version: 6.4.2 (runtime), 6.4.2 (compiled)
info: Portable mode: false
info: OBS 32.1.0 (linux)
info: ---------------------------------
info: ---------------------------------
info: audio settings reset:
	samples per sec: 48000
	speakers:        2
	max buffering:   960 milliseconds
	buffering type:  dynamically increasing
info: ---------------------------------
info: Initializing OpenGL...
warning: Unable to open DRM render node.
info: Loading up OpenGL on adapter Mesa llvmpipe (LLVM 20.1.2, 256 bits)
info: OpenGL loaded successfully, version 4.5 (Core Profile) Mesa 25.2.8-0ubuntu0.24.04.1, shading language 4.50
info: ---------------------------------
info: video settings reset:
	base resolution:   1280x720
	output resolution: 1920x1080
	downscale filter:  Bilinear
	fps:               30/1
	format:            NV12
	YUV mode:          Rec. 709/Partial
info: NV12 texture support enabled
info: P010 texture support not available
info: Audio monitoring device:
	name: Default
	id: default
info: ---------------------------------
warning: No AJA devices found, skipping loading AJA UI plugin
warning: Failed to initialize module 'aja-output-ui.so'
warning: No AJA devices found, skipping loading AJA plugin
warning: Failed to initialize module 'aja.so'
warning: Failed to load 'en-US' text for module: 'decklink-captions.so'
warning: Failed to load 'en-US' text for module: 'decklink-output-ui.so'
libDeckLinkAPI.so: cannot open shared object file: No such file or directory
warning: A DeckLink iterator could not be created.  The DeckLink drivers may not be installed
warning: Failed to initialize module 'decklink.so'
info: [pipewire] No capture sources available
warning: v4l2loopback not installed, virtual camera not registered
info: [obs-browser]: Version 2.26.8
info: [obs-browser]: CEF Version 127.0.6533.120 (runtime), 127.0.0-6533-fix-stutter-and-osr-extra-info.3042+g176b09c+chromium-127.0.6533.120 (compiled)
info: FFmpeg VAAPI H264 encoding not supported
info: FFmpeg VAAPI AV1 encoding not supported
info: FFmpeg VAAPI HEVC encoding not supported
error: os_dlopen(libnvidia-encode.so.1->libnvidia-encode.so.1): libnvidia-encode.so.1: cannot open shared object file: No such file or directory

info: NVENC not supported
warning: Failed to initialize module 'obs-nvenc.so'
info: [obs-websocket] [obs_module_load] you can haz websockets (Version: 5.7.2 | RPC Version: 1)
info: [obs-websocket] [obs_module_load] Qt version (compile-time): 6.4.2 | Qt version (run-time): 6.4.2
info: [obs-websocket] [obs_module_load] Linked ASIO Version: 102801
info: [obs-websocket] [obs_module_load] Module loaded.
info: [vlc-video]: VLC 3.0.20 Vetinari found, VLC video source enabled
info: ---------------------------------
info:   Loaded Modules:
info:     vlc-video.so
info:     text-freetype2.so
info:     rtmp-services.so
info:     obs-x264.so
info:     obs-websocket.so
info:     obs-vst.so
info:     obs-transitions.so
info:     obs-qsv11.so
info:     obs-outputs.so
info:     obs-libfdk.so
info:     obs-filters.so
info:     obs-ffmpeg.so
info:     obs-browser.so
info:     linux-v4l2.so
info:     linux-pulseaudio.so
info:     linux-pipewire.so
info:     linux-jack.so
info:     linux-capture.so
info:     linux-alsa.so
info:     image-source.so
info:     frontend-tools.so
info:     decklink-output-ui.so
info:     decklink-captions.so
info: ---------------------------------
info: ---------------------------------
info: Available Encoders:
info:   Video Encoders:
info: 	- ffmpeg_svt_av1 (SVT-AV1)
info: 	- ffmpeg_aom_av1 (AOM AV1)
info: 	- obs_x264 (x264)
info:   Audio Encoders:
info: 	- ffmpeg_aac (FFmpeg AAC)
info: 	- ffmpeg_opus (FFmpeg Opus)
info: 	- ffmpeg_pcm_s16le (FFmpeg PCM (16-bit))
info: 	- ffmpeg_pcm_s24le (FFmpeg PCM (24-bit))
info: 	- ffmpeg_pcm_f32le (FFmpeg PCM (32-bit float))
info: 	- ffmpeg_alac (FFmpeg ALAC (24-bit))
info: 	- ffmpeg_flac (FFmpeg FLAC (16-bit))
info: 	- libfdk_aac (libfdk AAC)
info: ==== Startup complete ===============================================
info: All scene data cleared
info: ------------------------------------------------
info: [Media Source 'Fondo']: settings:
	input:                   /headless/Videos/246242_medium.mp4
	input_format:            (null)
	speed:                   100
	is_looping:              yes
	is_linear_alpha:         no
	is_hw_decoding:          no
	is_clear_on_media_end:   yes
	restart_on_activate:     yes
	close_when_inactive:     no
	full_decode:             no
	ffmpeg_options:          
warning: MP: Failed to open media: '/headless/Videos/246242_medium.mp4'
[00005b1fa63ed2f0] vlcpulse audio output error: PulseAudio server connection failure: Connection refused
[00005b1faba54ff0] vlcpulse audio output error: PulseAudio server connection failure: Connection refused
info: Switched to scene 'Scene'
info: ------------------------------------------------
info: Loaded scenes:
info: - scene 'Scene':
info:     - source: 'Fondo' (ffmpeg_source)
info:     - source: 'Music' (group)
info:         - source: 'Musica' (vlc_source)
info:             - filter: 'Gain' (gain_filter)
info:     - source: 'Browser' (browser_source)
info: ------------------------------------------------
info: ==== Shutting down ==================================================
info: All scene data cleared
info: ------------------------------------------------
error: Tried to call obs_frontend_remove_event_callback with no callbacks!
info: [obs-websocket] [obs_module_unload] Shutting down...
error: Tried to call obs_frontend_remove_event_callback with no callbacks!
info: [obs-websocket] [obs_module_unload] Finished shutting down.
info: [Scripting] Total detached callbacks: 0
info: Freeing OBS context data
info: == Profiler Results =============================
info: run_program_init: 64057.1 ms
info:  ┣OBSApp::AppInit: 39.935 ms
info:  ┃ ┗OBSApp::InitLocale: 1.196 ms
info:  ┗OBSApp::OBSInit: 1485.85 ms
info:    ┣obs_startup: 13.981 ms
info:    ┗OBSBasic::OBSInit: 1414.86 ms
info:      ┣OBSBasic::InitBasicConfig: 17.109 ms
info:      ┣OBSBasic::ResetAudio: 1.079 ms
info:      ┣OBSBasic::ResetVideo: 455.827 ms
info:      ┃ ┗obs_init_graphics: 373.448 ms
info:      ┃   ┗shader compilation: 266.413 ms
info:      ┣OBSBasic::InitOBSCallbacks: 0.009 ms
info:      ┣OBSBasic::InitHotkeys: 0.025 ms
info:      ┣obs_load_all_modules2: 413.683 ms
info:      ┃ ┣obs_init_module(aja-output-ui.so): 0.617 ms
info:      ┃ ┣obs_init_module(aja.so): 0.538 ms
info:      ┃ ┣obs_init_module(decklink-captions.so): 0 ms
info:      ┃ ┣obs_init_module(decklink-output-ui.so): 0 ms
info:      ┃ ┣obs_init_module(decklink.so): 1.086 ms
info:      ┃ ┣obs_init_module(frontend-tools.so): 196.583 ms
info:      ┃ ┣obs_init_module(image-source.so): 0.006 ms
info:      ┃ ┣obs_init_module(linux-alsa.so): 0.001 ms
info:      ┃ ┣obs_init_module(linux-capture.so): 2.783 ms
info:      ┃ ┣obs_init_module(linux-jack.so): 0.001 ms
info:      ┃ ┣obs_init_module(linux-pipewire.so): 14.459 ms
info:      ┃ ┣obs_init_module(linux-pulseaudio.so): 0.002 ms
info:      ┃ ┣obs_init_module(linux-v4l2.so): 3.192 ms
info:      ┃ ┣obs_init_module(obs-browser.so): 1.482 ms
info:      ┃ ┣obs_init_module(obs-ffmpeg.so): 2.43 ms
info:      ┃ ┣obs_init_module(obs-filters.so): 0.024 ms
info:      ┃ ┣obs_init_module(obs-libfdk.so): 0.001 ms
info:      ┃ ┣obs_init_module(obs-nvenc.so): 2.779 ms
info:      ┃ ┃ ┗nvenc_check: 1.55 ms
info:      ┃ ┣obs_init_module(obs-outputs.so): 0.003 ms
info:      ┃ ┣obs_init_module(obs-qsv11.so): 0.077 ms
info:      ┃ ┣obs_init_module(obs-transitions.so): 0.012 ms
info:      ┃ ┣obs_init_module(obs-vst.so): 0.001 ms
info:      ┃ ┣obs_init_module(obs-websocket.so): 17.877 ms
info:      ┃ ┣obs_init_module(obs-x264.so): 0.001 ms
info:      ┃ ┣obs_init_module(rtmp-services.so): 8.74 ms
info:      ┃ ┣obs_init_module(text-freetype2.so): 0.877 ms
info:      ┃ ┗obs_init_module(vlc-video.so): 1.854 ms
info:      ┣OBSBasic::InitService: 2.371 ms
info:      ┣OBSBasic::ResetOutputs: 0.16 ms
info:      ┣OBSBasic::CreateHotkeys: 0.032 ms
info:      ┣OBSBasic::InitPrimitives: 0.047 ms
info:      ┗OBSBasic::Load: 101.719 ms
info: obs_hotkey_thread(25 ms): min=0.067 ms, median=0.726 ms, max=25.836 ms, 99th percentile=2.883 ms, 99.9788% below 25 ms
info: audio_thread(Audio): min=0.008 ms, median=0.021 ms, max=63.777 ms, 99th percentile=0.297 ms
info: obs_graphics_thread(33.3333 ms): min=0.198 ms, median=5.822 ms, max=181.361 ms, 99th percentile=20.076 ms, 99.6732% below 33.333 ms
info:  ┣tick_sources: min=0.001 ms, median=0.013 ms, max=113.277 ms, 99th percentile=0.038 ms
info:  ┣output_frame: min=0.125 ms, median=0.309 ms, max=70.26 ms, 99th percentile=1.005 ms
info:  ┃ ┗gs_context(video->graphics): min=0.12 ms, median=0.308 ms, max=70.196 ms, 99th percentile=1.001 ms
info:  ┃   ┣render_video: min=0.02 ms, median=0.293 ms, max=69.802 ms, 99th percentile=0.943 ms
info:  ┃   ┃ ┗render_main_texture: min=0.017 ms, median=0.288 ms, max=69.793 ms, 99th percentile=0.93 ms
info:  ┃   ┗gs_flush: min=0.001 ms, median=0.003 ms, max=15.635 ms, 99th percentile=0.207 ms
info:  ┗render_displays: min=0.003 ms, median=5.452 ms, max=165.492 ms, 99th percentile=19.317 ms
info: =================================================
info: == Profiler Time Between Calls ==================
info: obs_hotkey_thread(25 ms): min=25.163 ms, median=25.975 ms, max=50.947 ms, 12.1501% within ±2% of 25 ms (0% lower, 87.8499% higher)
info: obs_graphics_thread(33.3333 ms): min=4.984 ms, median=33.335 ms, max=181.367 ms, 99.2373% within ±2% of 33.333 ms (0.381367% lower, 0.381367% higher)
info: =================================================
info: Number of memory leaks: 0
debug: Found portal inhibitor
debug: Attempted path: /usr/bin/../share/obs/obs-studio/locale/en-US.ini
debug: Attempted path: /usr/bin/../share/obs/obs-studio/locale.ini
debug: Attempted path: /usr/bin/../share/obs/obs-studio/themes
debug: Attempted path: /usr/bin/../share/obs/obs-studio/themes/
warning: Get on org.freedesktop.portal.Settings returned an invalid reply
warning: Crash or unclean shutdown detected
warning: [Safe Mode] Normal launch selected, loading third-party plugins is enabled
info: Command Line Arguments: --disable-gpu --no-sandbox --disable-shutdown-check --password-store=basic
info: Using EGL/X11
info: CPU Name: Intel(R) Core(TM) i5-10310U CPU @ 1.70GHz
info: CPU Speed: 2208.000MHz
info: Physical Cores: 4, Logical Cores: 8
info: Physical Memory: 15870MB Total, 1653MB Free
info: Kernel Version: Linux 6.6.87.2-microsoft-standard-WSL2
info: Distribution: "Ubuntu" "24.04"
info: Window System: X11.0, Vendor: The X.Org Foundation, Version: 1.21.1
info: Current Date/Time: 2026-03-19, 08:30:46 PM
info: Browser Hardware Acceleration: false
info: Qt Version: 6.4.2 (runtime), 6.4.2 (compiled)
info: Portable mode: false
info: OBS 32.1.0 (linux)
info: ---------------------------------
info: ---------------------------------
info: audio settings reset:
	samples per sec: 48000
	speakers:        2
	max buffering:   960 milliseconds
	buffering type:  dynamically increasing
info: ---------------------------------
info: Initializing OpenGL...
warning: Unable to open DRM render node.
info: Loading up OpenGL on adapter Mesa llvmpipe (LLVM 20.1.2, 256 bits)
info: OpenGL loaded successfully, version 4.5 (Core Profile) Mesa 25.2.8-0ubuntu0.24.04.1, shading language 4.50
info: ---------------------------------
info: video settings reset:
	base resolution:   1280x720
	output resolution: 1920x1080
	downscale filter:  Bilinear
	fps:               30/1
	format:            NV12
	YUV mode:          Rec. 709/Partial
info: NV12 texture support enabled
info: P010 texture support not available
info: Audio monitoring device:
	name: Default
	id: default
info: ---------------------------------
warning: No AJA devices found, skipping loading AJA UI plugin
warning: Failed to initialize module 'aja-output-ui.so'
warning: No AJA devices found, skipping loading AJA plugin
warning: Failed to initialize module 'aja.so'
warning: Failed to load 'en-US' text for module: 'decklink-captions.so'
warning: Failed to load 'en-US' text for module: 'decklink-output-ui.so'
libDeckLinkAPI.so: cannot open shared object file: No such file or directory
warning: A DeckLink iterator could not be created.  The DeckLink drivers may not be installed
warning: Failed to initialize module 'decklink.so'
info: [pipewire] No capture sources available
warning: v4l2loopback not installed, virtual camera not registered
info: [obs-browser]: Version 2.26.8
info: [obs-browser]: CEF Version 127.0.6533.120 (runtime), 127.0.0-6533-fix-stutter-and-osr-extra-info.3042+g176b09c+chromium-127.0.6533.120 (compiled)
info: FFmpeg VAAPI H264 encoding not supported
info: FFmpeg VAAPI AV1 encoding not supported
info: FFmpeg VAAPI HEVC encoding not supported
error: os_dlopen(libnvidia-encode.so.1->libnvidia-encode.so.1): libnvidia-encode.so.1: cannot open shared object file: No such file or directory

info: NVENC not supported
warning: Failed to initialize module 'obs-nvenc.so'
info: [obs-websocket] [obs_module_load] you can haz websockets (Version: 5.7.2 | RPC Version: 1)
info: [obs-websocket] [obs_module_load] Qt version (compile-time): 6.4.2 | Qt version (run-time): 6.4.2
info: [obs-websocket] [obs_module_load] Linked ASIO Version: 102801
info: [obs-websocket] [obs_module_load] Module loaded.
info: [vlc-video]: VLC 3.0.20 Vetinari found, VLC video source enabled
info: ---------------------------------
info:   Loaded Modules:
info:     vlc-video.so
info:     text-freetype2.so
info:     rtmp-services.so
info:     obs-x264.so
info:     obs-websocket.so
info:     obs-vst.so
info:     obs-transitions.so
info:     obs-qsv11.so
info:     obs-outputs.so
info:     obs-libfdk.so
info:     obs-filters.so
info:     obs-ffmpeg.so
info:     obs-browser.so
info:     linux-v4l2.so
info:     linux-pulseaudio.so
info:     linux-pipewire.so
info:     linux-jack.so
info:     linux-capture.so
info:     linux-alsa.so
info:     image-source.so
info:     frontend-tools.so
info:     decklink-output-ui.so
info:     decklink-captions.so
info: ---------------------------------
info: ---------------------------------
info: Available Encoders:
info:   Video Encoders:
info: 	- ffmpeg_svt_av1 (SVT-AV1)
info: 	- ffmpeg_aom_av1 (AOM AV1)
info: 	- obs_x264 (x264)
info:   Audio Encoders:
info: 	- ffmpeg_aac (FFmpeg AAC)
info: 	- ffmpeg_opus (FFmpeg Opus)
info: 	- ffmpeg_pcm_s16le (FFmpeg PCM (16-bit))
info: 	- ffmpeg_pcm_s24le (FFmpeg PCM (24-bit))
info: 	- ffmpeg_pcm_f32le (FFmpeg PCM (32-bit float))
info: 	- ffmpeg_alac (FFmpeg ALAC (24-bit))
info: 	- ffmpeg_flac (FFmpeg FLAC (16-bit))
info: 	- libfdk_aac (libfdk AAC)
info: ==== Startup complete ===============================================
info: All scene data cleared
info: ------------------------------------------------
info: [Media Source 'Fondo']: settings:
	input:                   /headless/Videos/246242_medium.mp4
	input_format:            (null)
	speed:                   100
	is_looping:              yes
	is_linear_alpha:         no
	is_hw_decoding:          no
	is_clear_on_media_end:   yes
	restart_on_activate:     yes
	close_when_inactive:     no
	full_decode:             no
	ffmpeg_options:          
warning: MP: Failed to open media: '/headless/Videos/246242_medium.mp4'
[00005e96a0a21ad0] vlcpulse audio output error: PulseAudio server connection failure: Connection refused
[00005e96a3fd3d50] vlcpulse audio output error: PulseAudio server connection failure: Connection refused
info: Switched to scene 'Scene'
info: ------------------------------------------------
info: Loaded scenes:
info: - scene 'Scene':
info:     - source: 'Browser' (browser_source)
info:     - source: 'Fondo' (ffmpeg_source)
info:     - source: 'Music' (group)
info:         - source: 'Musica' (vlc_source)
info:             - filter: 'Gain' (gain_filter)
info: ------------------------------------------------
debug: Found portal inhibitor
debug: Attempted path: /usr/bin/../share/obs/obs-studio/locale/en-US.ini
debug: Attempted path: /usr/bin/../share/obs/obs-studio/locale.ini
debug: Attempted path: /usr/bin/../share/obs/obs-studio/themes
debug: Attempted path: /usr/bin/../share/obs/obs-studio/themes/
warning: Get on org.freedesktop.portal.Settings returned an invalid reply
warning: Crash or unclean shutdown detected
warning: [Safe Mode] Normal launch selected, loading third-party plugins is enabled
info: Command Line Arguments: --disable-gpu --no-sandbox --disable-shutdown-check --no-safe-mode --password-store=basic
info: Using EGL/X11
info: CPU Name: Intel(R) Core(TM) i5-10310U CPU @ 1.70GHz
info: CPU Speed: 2208.000MHz
info: Physical Cores: 4, Logical Cores: 8
info: Physical Memory: 15870MB Total, 1618MB Free
info: Kernel Version: Linux 6.6.87.2-microsoft-standard-WSL2
info: Distribution: "Ubuntu" "24.04"
info: Window System: X11.0, Vendor: The X.Org Foundation, Version: 1.21.1
info: Current Date/Time: 2026-03-19, 08:31:55 PM
info: Browser Hardware Acceleration: false
info: Qt Version: 6.4.2 (runtime), 6.4.2 (compiled)
info: Portable mode: false
info: OBS 32.1.0 (linux)
info: ---------------------------------
info: ---------------------------------
info: audio settings reset:
	samples per sec: 48000
	speakers:        2
	max buffering:   960 milliseconds
	buffering type:  dynamically increasing
info: ---------------------------------
info: Initializing OpenGL...
warning: Unable to open DRM render node.
info: Loading up OpenGL on adapter Mesa llvmpipe (LLVM 20.1.2, 256 bits)
info: OpenGL loaded successfully, version 4.5 (Core Profile) Mesa 25.2.8-0ubuntu0.24.04.1, shading language 4.50
info: ---------------------------------
info: video settings reset:
	base resolution:   1280x720
	output resolution: 1920x1080
	downscale filter:  Bilinear
	fps:               30/1
	format:            NV12
	YUV mode:          Rec. 709/Partial
info: NV12 texture support enabled
info: P010 texture support not available
info: Audio monitoring device:
	name: Default
	id: default
info: ---------------------------------
warning: No AJA devices found, skipping loading AJA UI plugin
warning: Failed to initialize module 'aja-output-ui.so'
warning: No AJA devices found, skipping loading AJA plugin
warning: Failed to initialize module 'aja.so'
warning: Failed to load 'en-US' text for module: 'decklink-captions.so'
warning: Failed to load 'en-US' text for module: 'decklink-output-ui.so'
libDeckLinkAPI.so: cannot open shared object file: No such file or directory
warning: A DeckLink iterator could not be created.  The DeckLink drivers may not be installed
warning: Failed to initialize module 'decklink.so'
info: [pipewire] No capture sources available
warning: v4l2loopback not installed, virtual camera not registered
info: [obs-browser]: Version 2.26.8
info: [obs-browser]: CEF Version 127.0.6533.120 (runtime), 127.0.0-6533-fix-stutter-and-osr-extra-info.3042+g176b09c+chromium-127.0.6533.120 (compiled)
info: FFmpeg VAAPI H264 encoding not supported
info: FFmpeg VAAPI AV1 encoding not supported
info: FFmpeg VAAPI HEVC encoding not supported
error: os_dlopen(libnvidia-encode.so.1->libnvidia-encode.so.1): libnvidia-encode.so.1: cannot open shared object file: No such file or directory

info: NVENC not supported
warning: Failed to initialize module 'obs-nvenc.so'
info: [obs-websocket] [obs_module_load] you can haz websockets (Version: 5.7.2 | RPC Version: 1)
info: [obs-websocket] [obs_module_load] Qt version (compile-time): 6.4.2 | Qt version (run-time): 6.4.2
info: [obs-websocket] [obs_module_load] Linked ASIO Version: 102801
info: [obs-websocket] [obs_module_load] Module loaded.
info: [vlc-video]: VLC 3.0.20 Vetinari found, VLC video source enabled
info: ---------------------------------
info:   Loaded Modules:
info:     vlc-video.so
info:     text-freetype2.so
info:     rtmp-services.so
info:     obs-x264.so
info:     obs-websocket.so
info:     obs-vst.so
info:     obs-transitions.so
info:     obs-qsv11.so
info:     obs-outputs.so
info:     obs-libfdk.so
info:     obs-filters.so
info:     obs-ffmpeg.so
info:     obs-browser.so
info:     linux-v4l2.so
info:     linux-pulseaudio.so
info:     linux-pipewire.so
info:     linux-jack.so
info:     linux-capture.so
info:     linux-alsa.so
info:     image-source.so
info:     frontend-tools.so
info:     decklink-output-ui.so
info:     decklink-captions.so
info: ---------------------------------
info: ---------------------------------
info: Available Encoders:
info:   Video Encoders:
info: 	- ffmpeg_svt_av1 (SVT-AV1)
info: 	- ffmpeg_aom_av1 (AOM AV1)
info: 	- obs_x264 (x264)
info:   Audio Encoders:
info: 	- ffmpeg_aac (FFmpeg AAC)
info: 	- ffmpeg_opus (FFmpeg Opus)
info: 	- ffmpeg_pcm_s16le (FFmpeg PCM (16-bit))
info: 	- ffmpeg_pcm_s24le (FFmpeg PCM (24-bit))
info: 	- ffmpeg_pcm_f32le (FFmpeg PCM (32-bit float))
info: 	- ffmpeg_alac (FFmpeg ALAC (24-bit))
info: 	- ffmpeg_flac (FFmpeg FLAC (16-bit))
info: 	- libfdk_aac (libfdk AAC)
info: ==== Startup complete ===============================================
info: All scene data cleared
info: ------------------------------------------------
info: [Media Source 'Fondo']: settings:
	input:                   /headless/Videos/246242_medium.mp4
	input_format:            (null)
	speed:                   100
	is_looping:              yes
	is_linear_alpha:         no
	is_hw_decoding:          no
	is_clear_on_media_end:   yes
	restart_on_activate:     yes
	close_when_inactive:     no
	full_decode:             no
	ffmpeg_options:          
warning: MP: Failed to open media: '/headless/Videos/246242_medium.mp4'
[0000642da656d860] vlcpulse audio output error: PulseAudio server connection failure: Connection refused
[0000642da6efe9d0] vlcpulse audio output error: PulseAudio server connection failure: Connection refused
info: Switched to scene 'Scene'
info: ------------------------------------------------
info: Loaded scenes:
info: - scene 'Scene':
info:     - source: 'Browser' (browser_source)
info:     - source: 'Fondo' (ffmpeg_source)
info:     - source: 'Music' (group)
info:         - source: 'Musica' (vlc_source)
info:             - filter: 'Gain' (gain_filter)
info: ------------------------------------------------
info: User Removed source 'Fondo' (ffmpeg_source) from scene 'Scene'
debug: Found portal inhibitor
debug: Attempted path: /usr/bin/../share/obs/obs-studio/locale/en-US.ini
debug: Attempted path: /usr/bin/../share/obs/obs-studio/locale.ini
debug: Attempted path: /usr/bin/../share/obs/obs-studio/themes
debug: Attempted path: /usr/bin/../share/obs/obs-studio/themes/
warning: Get on org.freedesktop.portal.Settings returned an invalid reply
warning: Crash or unclean shutdown detected
warning: [Safe Mode] Normal launch selected, loading third-party plugins is enabled
info: Command Line Arguments: --disable-gpu --no-sandbox --disable-shutdown-check --no-safe-mode --password-store=basic
info: Using EGL/X11
info: CPU Name: Intel(R) Core(TM) i5-10310U CPU @ 1.70GHz
info: CPU Speed: 2208.000MHz
info: Physical Cores: 4, Logical Cores: 8
info: Physical Memory: 15870MB Total, 1388MB Free
info: Kernel Version: Linux 6.6.87.2-microsoft-standard-WSL2
info: Distribution: "Ubuntu" "24.04"
info: Window System: X11.0, Vendor: The X.Org Foundation, Version: 1.21.1
info: Current Date/Time: 2026-03-19, 08:42:49 PM
info: Browser Hardware Acceleration: false
info: Qt Version: 6.4.2 (runtime), 6.4.2 (compiled)
info: Portable mode: false
info: OBS 32.1.0 (linux)
info: ---------------------------------
info: ---------------------------------
info: audio settings reset:
	samples per sec: 48000
	speakers:        2
	max buffering:   960 milliseconds
	buffering type:  dynamically increasing
info: ---------------------------------
info: Initializing OpenGL...
warning: Unable to open DRM render node.
info: Loading up OpenGL on adapter Mesa llvmpipe (LLVM 20.1.2, 256 bits)
info: OpenGL loaded successfully, version 4.5 (Core Profile) Mesa 25.2.8-0ubuntu0.24.04.1, shading language 4.50
info: ---------------------------------
info: video settings reset:
	base resolution:   1280x720
	output resolution: 1920x1080
	downscale filter:  Bilinear
	fps:               30/1
	format:            NV12
	YUV mode:          Rec. 709/Partial
info: NV12 texture support enabled
info: P010 texture support not available
info: Audio monitoring device:
	name: Default
	id: default
info: ---------------------------------
warning: No AJA devices found, skipping loading AJA UI plugin
warning: Failed to initialize module 'aja-output-ui.so'
warning: No AJA devices found, skipping loading AJA plugin
warning: Failed to initialize module 'aja.so'
warning: Failed to load 'en-US' text for module: 'decklink-captions.so'
warning: Failed to load 'en-US' text for module: 'decklink-output-ui.so'
libDeckLinkAPI.so: cannot open shared object file: No such file or directory
warning: A DeckLink iterator could not be created.  The DeckLink drivers may not be installed
warning: Failed to initialize module 'decklink.so'
info: [pipewire] No capture sources available
warning: v4l2loopback not installed, virtual camera not registered
info: [obs-browser]: Version 2.26.8
info: [obs-browser]: CEF Version 127.0.6533.120 (runtime), 127.0.0-6533-fix-stutter-and-osr-extra-info.3042+g176b09c+chromium-127.0.6533.120 (compiled)
info: FFmpeg VAAPI H264 encoding not supported
info: FFmpeg VAAPI AV1 encoding not supported
info: FFmpeg VAAPI HEVC encoding not supported
error: os_dlopen(libnvidia-encode.so.1->libnvidia-encode.so.1): libnvidia-encode.so.1: cannot open shared object file: No such file or directory

info: NVENC not supported
warning: Failed to initialize module 'obs-nvenc.so'
info: [obs-websocket] [obs_module_load] you can haz websockets (Version: 5.7.2 | RPC Version: 1)
info: [obs-websocket] [obs_module_load] Qt version (compile-time): 6.4.2 | Qt version (run-time): 6.4.2
info: [obs-websocket] [obs_module_load] Linked ASIO Version: 102801
info: [obs-websocket] [obs_module_load] Module loaded.
info: [vlc-video]: VLC 3.0.20 Vetinari found, VLC video source enabled
info: ---------------------------------
info:   Loaded Modules:
info:     vlc-video.so
info:     text-freetype2.so
info:     rtmp-services.so
info:     obs-x264.so
info:     obs-websocket.so
info:     obs-vst.so
info:     obs-transitions.so
info:     obs-qsv11.so
info:     obs-outputs.so
info:     obs-libfdk.so
info:     obs-filters.so
info:     obs-ffmpeg.so
info:     obs-browser.so
info:     linux-v4l2.so
info:     linux-pulseaudio.so
info:     linux-pipewire.so
info:     linux-jack.so
info:     linux-capture.so
info:     linux-alsa.so
info:     image-source.so
info:     frontend-tools.so
info:     decklink-output-ui.so
info:     decklink-captions.so
info: ---------------------------------
info: ---------------------------------
info: Available Encoders:
info:   Video Encoders:
info: 	- ffmpeg_svt_av1 (SVT-AV1)
info: 	- ffmpeg_aom_av1 (AOM AV1)
info: 	- obs_x264 (x264)
info:   Audio Encoders:
info: 	- ffmpeg_aac (FFmpeg AAC)
info: 	- ffmpeg_opus (FFmpeg Opus)
info: 	- ffmpeg_pcm_s16le (FFmpeg PCM (16-bit))
info: 	- ffmpeg_pcm_s24le (FFmpeg PCM (24-bit))
info: 	- ffmpeg_pcm_f32le (FFmpeg PCM (32-bit float))
info: 	- ffmpeg_alac (FFmpeg ALAC (24-bit))
info: 	- ffmpeg_flac (FFmpeg FLAC (16-bit))
info: 	- libfdk_aac (libfdk AAC)
info: ==== Startup complete ===============================================
info: All scene data cleared
info: ------------------------------------------------
[000064f0ec520fb0] vlcpulse audio output error: PulseAudio server connection failure: Connection refused
[000064f0f20a1b20] vlcpulse audio output error: PulseAudio server connection failure: Connection refused
info: Switched to scene 'Scene'
info: ------------------------------------------------
info: Loaded scenes:
info: - scene 'Scene':
info:     - source: 'Browser' (browser_source)
info:     - source: 'Music' (group)
info:         - source: 'Musica' (vlc_source)
info:             - filter: 'Gain' (gain_filter)
info: ------------------------------------------------
debug: Found portal inhibitor
debug: Attempted path: /usr/bin/../share/obs/obs-studio/locale/en-US.ini
debug: Attempted path: /usr/bin/../share/obs/obs-studio/locale.ini
debug: Attempted path: /usr/bin/../share/obs/obs-studio/themes
debug: Attempted path: /usr/bin/../share/obs/obs-studio/themes/
warning: Get on org.freedesktop.portal.Settings returned an invalid reply
warning: Crash or unclean shutdown detected
warning: [Safe Mode] Normal launch selected, loading third-party plugins is enabled
info: Command Line Arguments: --disable-gpu --no-sandbox --disable-shutdown-check --no-safe-mode --password-store=basic
info: Using EGL/X11
info: CPU Name: Intel(R) Core(TM) i5-10310U CPU @ 1.70GHz
info: CPU Speed: 2208.000MHz
info: Physical Cores: 4, Logical Cores: 8
info: Physical Memory: 15870MB Total, 1686MB Free
info: Kernel Version: Linux 6.6.87.2-microsoft-standard-WSL2
info: Distribution: "Ubuntu" "24.04"
info: Window System: X11.0, Vendor: The X.Org Foundation, Version: 1.21.1
info: Current Date/Time: 2026-03-19, 08:48:05 PM
info: Browser Hardware Acceleration: false
info: Qt Version: 6.4.2 (runtime), 6.4.2 (compiled)
info: Portable mode: false
info: OBS 32.1.0 (linux)
info: ---------------------------------
info: ---------------------------------
info: audio settings reset:
	samples per sec: 48000
	speakers:        2
	max buffering:   960 milliseconds
	buffering type:  dynamically increasing
info: ---------------------------------
info: Initializing OpenGL...
warning: Unable to open DRM render node.
info: Loading up OpenGL on adapter Mesa llvmpipe (LLVM 20.1.2, 256 bits)
info: OpenGL loaded successfully, version 4.5 (Core Profile) Mesa 25.2.8-0ubuntu0.24.04.1, shading language 4.50
info: ---------------------------------
info: video settings reset:
	base resolution:   1280x720
	output resolution: 1920x1080
	downscale filter:  Bilinear
	fps:               30/1
	format:            NV12
	YUV mode:          Rec. 709/Partial
info: NV12 texture support enabled
info: P010 texture support not available
info: Audio monitoring device:
	name: Default
	id: default
info: ---------------------------------
warning: No AJA devices found, skipping loading AJA UI plugin
warning: Failed to initialize module 'aja-output-ui.so'
warning: No AJA devices found, skipping loading AJA plugin
warning: Failed to initialize module 'aja.so'
warning: Failed to load 'en-US' text for module: 'decklink-captions.so'
warning: Failed to load 'en-US' text for module: 'decklink-output-ui.so'
libDeckLinkAPI.so: cannot open shared object file: No such file or directory
warning: A DeckLink iterator could not be created.  The DeckLink drivers may not be installed
warning: Failed to initialize module 'decklink.so'
info: [pipewire] No capture sources available
warning: v4l2loopback not installed, virtual camera not registered
info: [obs-browser]: Version 2.26.8
info: [obs-browser]: CEF Version 127.0.6533.120 (runtime), 127.0.0-6533-fix-stutter-and-osr-extra-info.3042+g176b09c+chromium-127.0.6533.120 (compiled)
info: FFmpeg VAAPI H264 encoding not supported
info: FFmpeg VAAPI AV1 encoding not supported
info: FFmpeg VAAPI HEVC encoding not supported
error: os_dlopen(libnvidia-encode.so.1->libnvidia-encode.so.1): libnvidia-encode.so.1: cannot open shared object file: No such file or directory

info: NVENC not supported
warning: Failed to initialize module 'obs-nvenc.so'
info: [obs-websocket] [obs_module_load] you can haz websockets (Version: 5.7.2 | RPC Version: 1)
info: [obs-websocket] [obs_module_load] Qt version (compile-time): 6.4.2 | Qt version (run-time): 6.4.2
info: [obs-websocket] [obs_module_load] Linked ASIO Version: 102801
info: [obs-websocket] [obs_module_load] Module loaded.
info: [vlc-video]: VLC 3.0.20 Vetinari found, VLC video source enabled
info: ---------------------------------
info:   Loaded Modules:
info:     vlc-video.so
info:     text-freetype2.so
info:     rtmp-services.so
info:     obs-x264.so
info:     obs-websocket.so
info:     obs-vst.so
info:     obs-transitions.so
info:     obs-qsv11.so
info:     obs-outputs.so
info:     obs-libfdk.so
info:     obs-filters.so
info:     obs-ffmpeg.so
info:     obs-browser.so
info:     linux-v4l2.so
info:     linux-pulseaudio.so
info:     linux-pipewire.so
info:     linux-jack.so
info:     linux-capture.so
info:     linux-alsa.so
info:     image-source.so
info:     frontend-tools.so
info:     decklink-output-ui.so
info:     decklink-captions.so
info: ---------------------------------
info: ---------------------------------
info: Available Encoders:
info:   Video Encoders:
info: 	- ffmpeg_svt_av1 (SVT-AV1)
info: 	- ffmpeg_aom_av1 (AOM AV1)
info: 	- obs_x264 (x264)
info:   Audio Encoders:
info: 	- ffmpeg_aac (FFmpeg AAC)
info: 	- ffmpeg_opus (FFmpeg Opus)
info: 	- ffmpeg_pcm_s16le (FFmpeg PCM (16-bit))
info: 	- ffmpeg_pcm_s24le (FFmpeg PCM (24-bit))
info: 	- ffmpeg_pcm_f32le (FFmpeg PCM (32-bit float))
info: 	- ffmpeg_alac (FFmpeg ALAC (24-bit))
info: 	- ffmpeg_flac (FFmpeg FLAC (16-bit))
info: 	- libfdk_aac (libfdk AAC)
info: ==== Startup complete ===============================================
info: All scene data cleared
info: ------------------------------------------------
[000058ac02a91850] vlcpulse audio output error: PulseAudio server connection failure: Connection refused
[000058ac03d96da0] vlcpulse audio output error: PulseAudio server connection failure: Connection refused
info: Switched to scene 'Scene'
info: ------------------------------------------------
info: Loaded scenes:
info: - scene 'Scene':
info:     - source: 'Browser' (browser_source)
info:     - source: 'Music' (group)
info:         - source: 'Musica' (vlc_source)
info:             - filter: 'Gain' (gain_filter)
info: ------------------------------------------------
debug: Found portal inhibitor
debug: Attempted path: /usr/bin/../share/obs/obs-studio/locale/en-US.ini
debug: Attempted path: /usr/bin/../share/obs/obs-studio/locale.ini
debug: Attempted path: /usr/bin/../share/obs/obs-studio/themes
debug: Attempted path: /usr/bin/../share/obs/obs-studio/themes/
warning: Get on org.freedesktop.portal.Settings returned an invalid reply
warning: Crash or unclean shutdown detected
debug: Found portal inhibitor
debug: Attempted path: /usr/bin/../share/obs/obs-studio/locale/en-US.ini
debug: Attempted path: /usr/bin/../share/obs/obs-studio/locale.ini
debug: Attempted path: /usr/bin/../share/obs/obs-studio/themes
debug: Attempted path: /usr/bin/../share/obs/obs-studio/themes/
warning: Get on org.freedesktop.portal.Settings returned an invalid reply
warning: Crash or unclean shutdown detected
warning: [Safe Mode] Normal launch selected, loading third-party plugins is enabled
info: Command Line Arguments: --disable-gpu --no-sandbox --disable-shutdown-check --no-safe-mode --password-store=basic
info: Using EGL/X11
info: CPU Name: Intel(R) Core(TM) i5-10310U CPU @ 1.70GHz
info: CPU Speed: 2208.000MHz
info: Physical Cores: 4, Logical Cores: 8
info: Physical Memory: 15870MB Total, 12724MB Free
info: Kernel Version: Linux 6.6.87.2-microsoft-standard-WSL2
info: Distribution: "Ubuntu" "24.04"
info: Window System: X11.0, Vendor: The X.Org Foundation, Version: 1.21.1
info: Current Date/Time: 2026-03-19, 08:59:52 PM
info: Browser Hardware Acceleration: false
info: Qt Version: 6.4.2 (runtime), 6.4.2 (compiled)
info: Portable mode: false
info: OBS 32.1.0 (linux)
info: ---------------------------------
info: ---------------------------------
info: audio settings reset:
	samples per sec: 48000
	speakers:        2
	max buffering:   960 milliseconds
	buffering type:  dynamically increasing
info: ---------------------------------
info: Initializing OpenGL...
warning: Unable to open DRM render node.
info: Loading up OpenGL on adapter Mesa llvmpipe (LLVM 20.1.2, 256 bits)
info: OpenGL loaded successfully, version 4.5 (Core Profile) Mesa 25.2.8-0ubuntu0.24.04.1, shading language 4.50
info: ---------------------------------
info: video settings reset:
	base resolution:   1280x720
	output resolution: 1920x1080
	downscale filter:  Bilinear
	fps:               30/1
	format:            NV12
	YUV mode:          Rec. 709/Partial
info: NV12 texture support enabled
info: P010 texture support not available
info: Audio monitoring device:
	name: Default
	id: default
info: ---------------------------------
warning: No AJA devices found, skipping loading AJA UI plugin
warning: Failed to initialize module 'aja-output-ui.so'
warning: No AJA devices found, skipping loading AJA plugin
warning: Failed to initialize module 'aja.so'
warning: Failed to load 'en-US' text for module: 'decklink-captions.so'
warning: Failed to load 'en-US' text for module: 'decklink-output-ui.so'
libDeckLinkAPI.so: cannot open shared object file: No such file or directory
warning: A DeckLink iterator could not be created.  The DeckLink drivers may not be installed
warning: Failed to initialize module 'decklink.so'
info: [pipewire] No capture sources available
warning: v4l2loopback not installed, virtual camera not registered
info: [obs-browser]: Version 2.26.8
info: [obs-browser]: CEF Version 127.0.6533.120 (runtime), 127.0.0-6533-fix-stutter-and-osr-extra-info.3042+g176b09c+chromium-127.0.6533.120 (compiled)
info: FFmpeg VAAPI H264 encoding not supported
info: FFmpeg VAAPI AV1 encoding not supported
info: FFmpeg VAAPI HEVC encoding not supported
error: os_dlopen(libnvidia-encode.so.1->libnvidia-encode.so.1): libnvidia-encode.so.1: cannot open shared object file: No such file or directory

info: NVENC not supported
warning: Failed to initialize module 'obs-nvenc.so'
info: [obs-websocket] [obs_module_load] you can haz websockets (Version: 5.7.2 | RPC Version: 1)
info: [obs-websocket] [obs_module_load] Qt version (compile-time): 6.4.2 | Qt version (run-time): 6.4.2
info: [obs-websocket] [obs_module_load] Linked ASIO Version: 102801
info: [obs-websocket] [obs_module_load] Module loaded.
info: [vlc-video]: VLC 3.0.20 Vetinari found, VLC video source enabled
info: ---------------------------------
info:   Loaded Modules:
info:     vlc-video.so
info:     text-freetype2.so
info:     rtmp-services.so
info:     obs-x264.so
info:     obs-websocket.so
info:     obs-vst.so
info:     obs-transitions.so
info:     obs-qsv11.so
info:     obs-outputs.so
info:     obs-libfdk.so
info:     obs-filters.so
info:     obs-ffmpeg.so
info:     obs-browser.so
info:     linux-v4l2.so
info:     linux-pulseaudio.so
info:     linux-pipewire.so
info:     linux-jack.so
info:     linux-capture.so
info:     linux-alsa.so
info:     image-source.so
info:     frontend-tools.so
info:     decklink-output-ui.so
info:     decklink-captions.so
info: ---------------------------------
info: ---------------------------------
info: Available Encoders:
info:   Video Encoders:
info: 	- ffmpeg_svt_av1 (SVT-AV1)
info: 	- ffmpeg_aom_av1 (AOM AV1)
info: 	- obs_x264 (x264)
info:   Audio Encoders:
info: 	- ffmpeg_aac (FFmpeg AAC)
info: 	- ffmpeg_opus (FFmpeg Opus)
info: 	- ffmpeg_pcm_s16le (FFmpeg PCM (16-bit))
info: 	- ffmpeg_pcm_s24le (FFmpeg PCM (24-bit))
info: 	- ffmpeg_pcm_f32le (FFmpeg PCM (32-bit float))
info: 	- ffmpeg_alac (FFmpeg ALAC (24-bit))
info: 	- ffmpeg_flac (FFmpeg FLAC (16-bit))
info: 	- libfdk_aac (libfdk AAC)
info: ==== Startup complete ===============================================
info: All scene data cleared
info: ------------------------------------------------
[00006494021087c0] vlcpulse audio output error: PulseAudio server connection failure: Connection refused
[0000649403dbc6f0] vlcpulse audio output error: PulseAudio server connection failure: Connection refused
info: Switched to scene 'Scene'
info: ------------------------------------------------
info: Loaded scenes:
info: - scene 'Scene':
info:     - source: 'Browser' (browser_source)
info:     - source: 'Music' (group)
info:         - source: 'Musica' (vlc_source)
info:             - filter: 'Gain' (gain_filter)
info: ------------------------------------------------
debug: Found portal inhibitor
debug: Attempted path: /usr/bin/../share/obs/obs-studio/locale/en-US.ini
debug: Attempted path: /usr/bin/../share/obs/obs-studio/locale.ini
debug: Attempted path: /usr/bin/../share/obs/obs-studio/themes
debug: Attempted path: /usr/bin/../share/obs/obs-studio/themes/
warning: Get on org.freedesktop.portal.Settings returned an invalid reply
warning: Crash or unclean shutdown detected
warning: [Safe Mode] Normal launch selected, loading third-party plugins is enabled
info: Command Line Arguments: --disable-gpu --no-sandbox --disable-shutdown-check --password-store=basic
info: Using EGL/X11
info: CPU Name: Intel(R) Core(TM) i5-10310U CPU @ 1.70GHz
info: CPU Speed: 2208.000MHz
info: Physical Cores: 4, Logical Cores: 8
info: Physical Memory: 15870MB Total, 12198MB Free
info: Kernel Version: Linux 6.6.87.2-microsoft-standard-WSL2
info: Distribution: "Ubuntu" "24.04"
info: Window System: X11.0, Vendor: The X.Org Foundation, Version: 1.21.1
info: Current Date/Time: 2026-03-19, 09:07:15 PM
info: Browser Hardware Acceleration: false
info: Qt Version: 6.4.2 (runtime), 6.4.2 (compiled)
info: Portable mode: false
info: OBS 32.1.0 (linux)
info: ---------------------------------
info: ---------------------------------
info: audio settings reset:
	samples per sec: 48000
	speakers:        2
	max buffering:   960 milliseconds
	buffering type:  dynamically increasing
info: ---------------------------------
info: Initializing OpenGL...
warning: Unable to open DRM render node.
info: Loading up OpenGL on adapter Mesa llvmpipe (LLVM 20.1.2, 256 bits)
info: OpenGL loaded successfully, version 4.5 (Core Profile) Mesa 25.2.8-0ubuntu0.24.04.1, shading language 4.50
info: ---------------------------------
info: video settings reset:
	base resolution:   1280x720
	output resolution: 1920x1080
	downscale filter:  Bilinear
	fps:               30/1
	format:            NV12
	YUV mode:          Rec. 709/Partial
info: NV12 texture support enabled
info: P010 texture support not available
info: Audio monitoring device:
	name: Default
	id: default
info: ---------------------------------
warning: No AJA devices found, skipping loading AJA UI plugin
warning: Failed to initialize module 'aja-output-ui.so'
warning: No AJA devices found, skipping loading AJA plugin
warning: Failed to initialize module 'aja.so'
warning: Failed to load 'en-US' text for module: 'decklink-captions.so'
warning: Failed to load 'en-US' text for module: 'decklink-output-ui.so'
libDeckLinkAPI.so: cannot open shared object file: No such file or directory
warning: A DeckLink iterator could not be created.  The DeckLink drivers may not be installed
warning: Failed to initialize module 'decklink.so'
info: [pipewire] No capture sources available
warning: v4l2loopback not installed, virtual camera not registered
info: [obs-browser]: Version 2.26.8
info: [obs-browser]: CEF Version 127.0.6533.120 (runtime), 127.0.0-6533-fix-stutter-and-osr-extra-info.3042+g176b09c+chromium-127.0.6533.120 (compiled)
info: FFmpeg VAAPI H264 encoding not supported
info: FFmpeg VAAPI AV1 encoding not supported
info: FFmpeg VAAPI HEVC encoding not supported
error: os_dlopen(libnvidia-encode.so.1->libnvidia-encode.so.1): libnvidia-encode.so.1: cannot open shared object file: No such file or directory

info: NVENC not supported
warning: Failed to initialize module 'obs-nvenc.so'
info: [obs-websocket] [obs_module_load] you can haz websockets (Version: 5.7.2 | RPC Version: 1)
info: [obs-websocket] [obs_module_load] Qt version (compile-time): 6.4.2 | Qt version (run-time): 6.4.2
info: [obs-websocket] [obs_module_load] Linked ASIO Version: 102801
info: [obs-websocket] [obs_module_load] Module loaded.
info: [vlc-video]: VLC 3.0.20 Vetinari found, VLC video source enabled
info: ---------------------------------
info:   Loaded Modules:
info:     vlc-video.so
info:     text-freetype2.so
info:     rtmp-services.so
info:     obs-x264.so
info:     obs-websocket.so
info:     obs-vst.so
info:     obs-transitions.so
info:     obs-qsv11.so
info:     obs-outputs.so
info:     obs-libfdk.so
info:     obs-filters.so
info:     obs-ffmpeg.so
info:     obs-browser.so
info:     linux-v4l2.so
info:     linux-pulseaudio.so
info:     linux-pipewire.so
info:     linux-jack.so
info:     linux-capture.so
info:     linux-alsa.so
info:     image-source.so
info:     frontend-tools.so
info:     decklink-output-ui.so
info:     decklink-captions.so
info: ---------------------------------
info: ---------------------------------
info: Available Encoders:
info:   Video Encoders:
info: 	- ffmpeg_svt_av1 (SVT-AV1)
info: 	- ffmpeg_aom_av1 (AOM AV1)
info: 	- obs_x264 (x264)
info:   Audio Encoders:
info: 	- ffmpeg_aac (FFmpeg AAC)
info: 	- ffmpeg_opus (FFmpeg Opus)
info: 	- ffmpeg_pcm_s16le (FFmpeg PCM (16-bit))
info: 	- ffmpeg_pcm_s24le (FFmpeg PCM (24-bit))
info: 	- ffmpeg_pcm_f32le (FFmpeg PCM (32-bit float))
info: 	- ffmpeg_alac (FFmpeg ALAC (24-bit))
info: 	- ffmpeg_flac (FFmpeg FLAC (16-bit))
info: 	- libfdk_aac (libfdk AAC)
info: ==== Startup complete ===============================================
info: All scene data cleared
info: ------------------------------------------------
[0000566aef75fae0] vlcpulse audio output error: PulseAudio server connection failure: Connection refused
[0000566af1e81230] vlcpulse audio output error: PulseAudio server connection failure: Connection refused
info: Switched to scene 'Scene'
info: ------------------------------------------------
info: Loaded scenes:
info: - scene 'Scene':
info:     - source: 'Browser' (browser_source)
info:     - source: 'Music' (group)
info:         - source: 'Musica' (vlc_source)
info:             - filter: 'Gain' (gain_filter)
info: ------------------------------------------------
info: User Removed source 'Music' (group) from scene 'Scene'
info: User Removed source 'Musica' (vlc_source) from scene '(null)'
warning: Get on org.freedesktop.portal.Settings returned an invalid reply
warning: Get on org.freedesktop.portal.Settings returned an invalid reply
warning:   OpenType support missing for "Open Sans", script 11
warning:   OpenType support missing for "DejaVu Sans", script 11
warning:   OpenType support missing for "Nimbus Sans", script 11
warning:   OpenType support missing for "URW Gothic", script 11
warning:   OpenType support missing for "Nimbus Sans Narrow", script 11
warning:   OpenType support missing for "Droid Sans Fallback", script 11
warning:   OpenType support missing for "Quicksand", script 11
warning:   OpenType support missing for "DejaVu Sans Mono", script 11
warning:   OpenType support missing for "DejaVu Serif", script 11
warning:   OpenType support missing for "Noto Sans Mono", script 11
warning:   OpenType support missing for "D050000L", script 11
warning:   OpenType support missing for "Standard Symbols PS", script 11
warning:   OpenType support missing for "Ubuntu Sans Mono", script 11
warning:   OpenType support missing for "Ubuntu Sans", script 11
warning:   OpenType support missing for "C059", script 11
warning:   OpenType support missing for "Nimbus Mono PS", script 11
warning:   OpenType support missing for "Nimbus Roman", script 11
warning:   OpenType support missing for "P052", script 11
warning:   OpenType support missing for "Noto Mono", script 11
warning:   OpenType support missing for "Ubuntu", script 11
warning:   OpenType support missing for "Ubuntu Mono", script 11
warning:   OpenType support missing for "Courier 10 Pitch", script 11
warning:   OpenType support missing for "Bitstream Charter", script 11
warning:   OpenType support missing for "Quicksand Medium", script 11
warning:   OpenType support missing for "Quicksand Light", script 11
warning:   OpenType support missing for "URW Bookman", script 11
warning:   OpenType support missing for "Z003", script 11
warning:   OpenType support missing for "DejaVu Sans", script 11
warning:   OpenType support missing for "Nimbus Sans", script 11
warning:   OpenType support missing for "URW Gothic", script 11
warning:   OpenType support missing for "Nimbus Sans Narrow", script 11
warning:   OpenType support missing for "Droid Sans Fallback", script 11
warning:   OpenType support missing for "Quicksand", script 11
warning:   OpenType support missing for "DejaVu Sans Mono", script 11
warning:   OpenType support missing for "DejaVu Serif", script 11
warning:   OpenType support missing for "Noto Sans Mono", script 11
warning:   OpenType support missing for "D050000L", script 11
warning:   OpenType support missing for "Standard Symbols PS", script 11
warning:   OpenType support missing for "Open Sans", script 11
warning:   OpenType support missing for "Ubuntu Sans Mono", script 11
warning:   OpenType support missing for "Ubuntu Sans", script 11
warning:   OpenType support missing for "C059", script 11
warning:   OpenType support missing for "Nimbus Mono PS", script 11
warning:   OpenType support missing for "Nimbus Roman", script 11
warning:   OpenType support missing for "P052", script 11
warning:   OpenType support missing for "Noto Mono", script 11
warning:   OpenType support missing for "Ubuntu", script 11
warning:   OpenType support missing for "Ubuntu Mono", script 11
warning:   OpenType support missing for "Courier 10 Pitch", script 11
warning:   OpenType support missing for "Bitstream Charter", script 11
warning:   OpenType support missing for "Quicksand Medium", script 11
warning:   OpenType support missing for "Quicksand Light", script 11
warning:   OpenType support missing for "URW Bookman", script 11
warning:   OpenType support missing for "Z003", script 11
warning:   OpenType support missing for "", script 11
warning:   OpenType support missing for "Open Sans", script 12
warning:   OpenType support missing for "DejaVu Sans", script 12
warning:   OpenType support missing for "Nimbus Sans", script 12
warning:   OpenType support missing for "URW Gothic", script 12
warning:   OpenType support missing for "Nimbus Sans Narrow", script 12
warning:   OpenType support missing for "Droid Sans Fallback", script 12
warning:   OpenType support missing for "Quicksand", script 12
warning:   OpenType support missing for "DejaVu Sans Mono", script 12
warning:   OpenType support missing for "DejaVu Serif", script 12
warning:   OpenType support missing for "Noto Sans Mono", script 12
warning:   OpenType support missing for "D050000L", script 12
warning:   OpenType support missing for "Standard Symbols PS", script 12
warning:   OpenType support missing for "Ubuntu Sans Mono", script 12
warning:   OpenType support missing for "Ubuntu Sans", script 12
warning:   OpenType support missing for "C059", script 12
warning:   OpenType support missing for "Nimbus Mono PS", script 12
warning:   OpenType support missing for "Nimbus Roman", script 12
warning:   OpenType support missing for "P052", script 12
warning:   OpenType support missing for "Noto Mono", script 12
warning:   OpenType support missing for "Ubuntu", script 12
warning:   OpenType support missing for "Ubuntu Mono", script 12
warning:   OpenType support missing for "Courier 10 Pitch", script 12
warning:   OpenType support missing for "Bitstream Charter", script 12
warning:   OpenType support missing for "Quicksand Medium", script 12
warning:   OpenType support missing for "Quicksand Light", script 12
warning:   OpenType support missing for "URW Bookman", script 12
warning:   OpenType support missing for "Z003", script 12
warning:   OpenType support missing for "DejaVu Sans", script 12
warning:   OpenType support missing for "Nimbus Sans", script 12
warning:   OpenType support missing for "URW Gothic", script 12
warning:   OpenType support missing for "Nimbus Sans Narrow", script 12
warning:   OpenType support missing for "Droid Sans Fallback", script 12
warning:   OpenType support missing for "Quicksand", script 12
warning:   OpenType support missing for "DejaVu Sans Mono", script 12
warning:   OpenType support missing for "DejaVu Serif", script 12
warning:   OpenType support missing for "Noto Sans Mono", script 12
warning:   OpenType support missing for "D050000L", script 12
warning:   OpenType support missing for "Standard Symbols PS", script 12
warning:   OpenType support missing for "Open Sans", script 12
warning:   OpenType support missing for "Ubuntu Sans Mono", script 12
warning:   OpenType support missing for "Ubuntu Sans", script 12
warning:   OpenType support missing for "C059", script 12
warning:   OpenType support missing for "Nimbus Mono PS", script 12
warning:   OpenType support missing for "Nimbus Roman", script 12
warning:   OpenType support missing for "P052", script 12
warning:   OpenType support missing for "Noto Mono", script 12
warning:   OpenType support missing for "Ubuntu", script 12
warning:   OpenType support missing for "Ubuntu Mono", script 12
warning:   OpenType support missing for "Courier 10 Pitch", script 12
warning:   OpenType support missing for "Bitstream Charter", script 12
warning:   OpenType support missing for "Quicksand Medium", script 12
warning:   OpenType support missing for "Quicksand Light", script 12
warning:   OpenType support missing for "URW Bookman", script 12
warning:   OpenType support missing for "Z003", script 12
warning:   OpenType support missing for "", script 12
warning:   OpenType support missing for "Open Sans", script 20
warning:   OpenType support missing for "DejaVu Sans", script 20
warning:   OpenType support missing for "Nimbus Sans", script 20
warning:   OpenType support missing for "URW Gothic", script 20
warning:   OpenType support missing for "Nimbus Sans Narrow", script 20
warning:   OpenType support missing for "Droid Sans Fallback", script 20
warning:   OpenType support missing for "Quicksand", script 20
warning:   OpenType support missing for "DejaVu Sans Mono", script 20
warning:   OpenType support missing for "DejaVu Serif", script 20
warning:   OpenType support missing for "Noto Sans Mono", script 20
warning:   OpenType support missing for "D050000L", script 20
warning:   OpenType support missing for "Standard Symbols PS", script 20
warning:   OpenType support missing for "Ubuntu Sans Mono", script 20
warning:   OpenType support missing for "Ubuntu Sans", script 20
warning:   OpenType support missing for "C059", script 20
warning:   OpenType support missing for "Nimbus Mono PS", script 20
warning:   OpenType support missing for "Nimbus Roman", script 20
warning:   OpenType support missing for "P052", script 20
warning:   OpenType support missing for "Noto Mono", script 20
warning:   OpenType support missing for "Ubuntu", script 20
warning:   OpenType support missing for "Ubuntu Mono", script 20
warning:   OpenType support missing for "Courier 10 Pitch", script 20
warning:   OpenType support missing for "Bitstream Charter", script 20
warning:   OpenType support missing for "Quicksand Medium", script 20
warning:   OpenType support missing for "Quicksand Light", script 20
warning:   OpenType support missing for "URW Bookman", script 20
warning:   OpenType support missing for "Z003", script 20
warning:   OpenType support missing for "DejaVu Sans", script 20
warning:   OpenType support missing for "Nimbus Sans", script 20
warning:   OpenType support missing for "URW Gothic", script 20
warning:   OpenType support missing for "Nimbus Sans Narrow", script 20
warning:   OpenType support missing for "Droid Sans Fallback", script 20
warning:   OpenType support missing for "Quicksand", script 20
warning:   OpenType support missing for "DejaVu Sans Mono", script 20
warning:   OpenType support missing for "DejaVu Serif", script 20
warning:   OpenType support missing for "Noto Sans Mono", script 20
warning:   OpenType support missing for "D050000L", script 20
warning:   OpenType support missing for "Standard Symbols PS", script 20
warning:   OpenType support missing for "Open Sans", script 20
warning:   OpenType support missing for "Ubuntu Sans Mono", script 20
warning:   OpenType support missing for "Ubuntu Sans", script 20
warning:   OpenType support missing for "C059", script 20
warning:   OpenType support missing for "Nimbus Mono PS", script 20
warning:   OpenType support missing for "Nimbus Roman", script 20
warning:   OpenType support missing for "P052", script 20
warning:   OpenType support missing for "Noto Mono", script 20
warning:   OpenType support missing for "Ubuntu", script 20
warning:   OpenType support missing for "Ubuntu Mono", script 20
warning:   OpenType support missing for "Courier 10 Pitch", script 20
warning:   OpenType support missing for "Bitstream Charter", script 20
warning:   OpenType support missing for "Quicksand Medium", script 20
warning:   OpenType support missing for "Quicksand Light", script 20
warning:   OpenType support missing for "URW Bookman", script 20
warning:   OpenType support missing for "Z003", script 20
warning:   OpenType support missing for "", script 20
debug: Attempted path: /usr/bin/../share/obs/obs-studio/locale/en-US.ini
debug: Attempted path: /usr/bin/../share/obs/obs-studio/locale.ini
debug: Attempted path: /usr/bin/../share/obs/obs-studio/themes
debug: Attempted path: /usr/bin/../share/obs/obs-studio/themes/
warning: Get on org.freedesktop.portal.Settings returned an invalid reply
warning: Crash or unclean shutdown detected
debug: Attempted path: /usr/bin/../share/obs/obs-studio/locale/en-US.ini
debug: Attempted path: /usr/bin/../share/obs/obs-studio/locale.ini
debug: Attempted path: /usr/bin/../share/obs/obs-studio/themes
debug: Attempted path: /usr/bin/../share/obs/obs-studio/themes/
warning: Get on org.freedesktop.portal.Settings returned an invalid reply
warning: Crash or unclean shutdown detected
warning: [Safe Mode] Normal launch selected, loading third-party plugins is enabled
info: Command Line Arguments: --disable-shutdown-check
info: Using EGL/X11
info: CPU Name: Intel(R) Core(TM) i5-10310U CPU @ 1.70GHz
info: CPU Speed: 2208.000MHz
info: Physical Cores: 4, Logical Cores: 8
info: Physical Memory: 15870MB Total, 8269MB Free
info: Kernel Version: Linux 6.6.87.2-microsoft-standard-WSL2
info: Distribution: "Ubuntu" "24.04"
info: Window System: X11.0, Vendor: The X.Org Foundation, Version: 1.21.1
info: Current Date/Time: 2026-03-19, 09:52:40 PM
info: Browser Hardware Acceleration: false
info: Qt Version: 6.4.2 (runtime), 6.4.2 (compiled)
info: Portable mode: false
info: OBS 32.1.0 (linux)
info: ---------------------------------
info: ---------------------------------
info: audio settings reset:
	samples per sec: 48000
	speakers:        2
	max buffering:   960 milliseconds
	buffering type:  dynamically increasing
info: ---------------------------------
info: Initializing OpenGL...
warning: Unable to open DRM render node.
info: Loading up OpenGL on adapter Mesa llvmpipe (LLVM 20.1.2, 256 bits)
info: OpenGL loaded successfully, version 4.5 (Core Profile) Mesa 25.2.8-0ubuntu0.24.04.1, shading language 4.50
info: ---------------------------------
info: video settings reset:
	base resolution:   1280x720
	output resolution: 1920x1080
	downscale filter:  Bilinear
	fps:               30/1
	format:            NV12
	YUV mode:          Rec. 709/Partial
info: NV12 texture support enabled
info: P010 texture support not available
info: Audio monitoring device:
	name: Default
	id: default
info: ---------------------------------
warning: No AJA devices found, skipping loading AJA UI plugin
warning: Failed to initialize module 'aja-output-ui.so'
warning: No AJA devices found, skipping loading AJA plugin
warning: Failed to initialize module 'aja.so'
warning: Failed to load 'en-US' text for module: 'decklink-captions.so'
warning: Failed to load 'en-US' text for module: 'decklink-output-ui.so'
libDeckLinkAPI.so: cannot open shared object file: No such file or directory
warning: A DeckLink iterator could not be created.  The DeckLink drivers may not be installed
warning: Failed to initialize module 'decklink.so'
info: [pipewire] No capture sources available
warning: v4l2loopback not installed, virtual camera not registered
info: [obs-browser]: Version 2.26.8
info: [obs-browser]: CEF Version 127.0.6533.120 (runtime), 127.0.0-6533-fix-stutter-and-osr-extra-info.3042+g176b09c+chromium-127.0.6533.120 (compiled)
info: FFmpeg VAAPI H264 encoding not supported
info: FFmpeg VAAPI AV1 encoding not supported
info: FFmpeg VAAPI HEVC encoding not supported
error: os_dlopen(libnvidia-encode.so.1->libnvidia-encode.so.1): libnvidia-encode.so.1: cannot open shared object file: No such file or directory

info: NVENC not supported
warning: Failed to initialize module 'obs-nvenc.so'
info: [obs-websocket] [obs_module_load] you can haz websockets (Version: 5.7.2 | RPC Version: 1)
info: [obs-websocket] [obs_module_load] Qt version (compile-time): 6.4.2 | Qt version (run-time): 6.4.2
info: [obs-websocket] [obs_module_load] Linked ASIO Version: 102801
info: [obs-websocket] [obs_module_load] Module loaded.
info: [vlc-video]: VLC 3.0.20 Vetinari found, VLC video source enabled
info: ---------------------------------
info:   Loaded Modules:
info:     vlc-video.so
info:     text-freetype2.so
info:     rtmp-services.so
info:     obs-x264.so
info:     obs-websocket.so
info:     obs-vst.so
info:     obs-transitions.so
info:     obs-qsv11.so
info:     obs-outputs.so
info:     obs-libfdk.so
info:     obs-filters.so
info:     obs-ffmpeg.so
info:     obs-browser.so
info:     linux-v4l2.so
info:     linux-pulseaudio.so
info:     linux-pipewire.so
info:     linux-jack.so
info:     linux-capture.so
info:     linux-alsa.so
info:     image-source.so
info:     frontend-tools.so
info:     decklink-output-ui.so
info:     decklink-captions.so
info: ---------------------------------
info: ---------------------------------
info: Available Encoders:
info:   Video Encoders:
info: 	- ffmpeg_svt_av1 (SVT-AV1)
info: 	- ffmpeg_aom_av1 (AOM AV1)
info: 	- obs_x264 (x264)
info:   Audio Encoders:
info: 	- ffmpeg_aac (FFmpeg AAC)
info: 	- ffmpeg_opus (FFmpeg Opus)
info: 	- ffmpeg_pcm_s16le (FFmpeg PCM (16-bit))
info: 	- ffmpeg_pcm_s24le (FFmpeg PCM (24-bit))
info: 	- ffmpeg_pcm_f32le (FFmpeg PCM (32-bit float))
info: 	- ffmpeg_alac (FFmpeg ALAC (24-bit))
info: 	- ffmpeg_flac (FFmpeg FLAC (16-bit))
info: 	- libfdk_aac (libfdk AAC)
info: ==== Startup complete ===============================================
info: All scene data cleared
info: ------------------------------------------------
info: Switched to scene 'Scene'
info: ------------------------------------------------
info: Loaded scenes:
info: - scene 'Scene':
info:     - source: 'Browser' (browser_source)
info: ------------------------------------------------
debug: Attempted path: /usr/bin/../share/obs/obs-studio/locale/en-US.ini
debug: Attempted path: /usr/bin/../share/obs/obs-studio/locale.ini
debug: Attempted path: /usr/bin/../share/obs/obs-studio/themes
debug: Attempted path: /usr/bin/../share/obs/obs-studio/themes/
warning: Get on org.freedesktop.portal.Settings returned an invalid reply
info: Command Line Arguments: --disable-shutdown-check
info: Using EGL/X11
info: CPU Name: Intel(R) Core(TM) i5-10310U CPU @ 1.70GHz
info: CPU Speed: 2208.000MHz
info: Physical Cores: 4, Logical Cores: 8
info: Physical Memory: 15870MB Total, 8290MB Free
info: Kernel Version: Linux 6.6.87.2-microsoft-standard-WSL2
info: Distribution: "Ubuntu" "24.04"
info: Window System: X11.0, Vendor: The X.Org Foundation, Version: 1.21.1
info: Current Date/Time: 2026-03-19, 09:59:41 PM
info: Browser Hardware Acceleration: false
info: Qt Version: 6.4.2 (runtime), 6.4.2 (compiled)
info: Portable mode: false
info: OBS 32.1.0 (linux)
info: ---------------------------------
info: ---------------------------------
info: audio settings reset:
	samples per sec: 48000
	speakers:        2
	max buffering:   960 milliseconds
	buffering type:  dynamically increasing
info: ---------------------------------
info: Initializing OpenGL...
warning: Unable to open DRM render node.
info: Loading up OpenGL on adapter Mesa llvmpipe (LLVM 20.1.2, 256 bits)
info: OpenGL loaded successfully, version 4.5 (Core Profile) Mesa 25.2.8-0ubuntu0.24.04.1, shading language 4.50
info: ---------------------------------
info: video settings reset:
	base resolution:   1280x720
	output resolution: 1920x1080
	downscale filter:  Bilinear
	fps:               30/1
	format:            NV12
	YUV mode:          Rec. 709/Partial
info: NV12 texture support enabled
info: P010 texture support not available
info: Audio monitoring device:
	name: Default
	id: default
info: ---------------------------------
warning: No AJA devices found, skipping loading AJA UI plugin
warning: Failed to initialize module 'aja-output-ui.so'
warning: No AJA devices found, skipping loading AJA plugin
warning: Failed to initialize module 'aja.so'
warning: Failed to load 'en-US' text for module: 'decklink-captions.so'
warning: Failed to load 'en-US' text for module: 'decklink-output-ui.so'
libDeckLinkAPI.so: cannot open shared object file: No such file or directory
warning: A DeckLink iterator could not be created.  The DeckLink drivers may not be installed
warning: Failed to initialize module 'decklink.so'
info: [pipewire] No capture sources available
warning: v4l2loopback not installed, virtual camera not registered
info: [obs-browser]: Version 2.26.8
info: [obs-browser]: CEF Version 127.0.6533.120 (runtime), 127.0.0-6533-fix-stutter-and-osr-extra-info.3042+g176b09c+chromium-127.0.6533.120 (compiled)
info: FFmpeg VAAPI H264 encoding not supported
info: FFmpeg VAAPI AV1 encoding not supported
info: FFmpeg VAAPI HEVC encoding not supported
error: os_dlopen(libnvidia-encode.so.1->libnvidia-encode.so.1): libnvidia-encode.so.1: cannot open shared object file: No such file or directory

info: NVENC not supported
warning: Failed to initialize module 'obs-nvenc.so'
info: [obs-websocket] [obs_module_load] you can haz websockets (Version: 5.7.2 | RPC Version: 1)
info: [obs-websocket] [obs_module_load] Qt version (compile-time): 6.4.2 | Qt version (run-time): 6.4.2
info: [obs-websocket] [obs_module_load] Linked ASIO Version: 102801
info: [obs-websocket] [obs_module_load] Module loaded.
info: [vlc-video]: VLC 3.0.20 Vetinari found, VLC video source enabled
info: ---------------------------------
info:   Loaded Modules:
info:     vlc-video.so
info:     text-freetype2.so
info:     rtmp-services.so
info:     obs-x264.so
info:     obs-websocket.so
info:     obs-vst.so
info:     obs-transitions.so
info:     obs-qsv11.so
info:     obs-outputs.so
info:     obs-libfdk.so
info:     obs-filters.so
info:     obs-ffmpeg.so
info:     obs-browser.so
info:     linux-v4l2.so
info:     linux-pulseaudio.so
info:     linux-pipewire.so
info:     linux-jack.so
info:     linux-capture.so
info:     linux-alsa.so
info:     image-source.so
info:     frontend-tools.so
info:     decklink-output-ui.so
info:     decklink-captions.so
info: ---------------------------------
info: ---------------------------------
info: Available Encoders:
info:   Video Encoders:
info: 	- ffmpeg_svt_av1 (SVT-AV1)
info: 	- ffmpeg_aom_av1 (AOM AV1)
info: 	- obs_x264 (x264)
info:   Audio Encoders:
info: 	- ffmpeg_aac (FFmpeg AAC)
info: 	- ffmpeg_opus (FFmpeg Opus)
info: 	- ffmpeg_pcm_s16le (FFmpeg PCM (16-bit))
info: 	- ffmpeg_pcm_s24le (FFmpeg PCM (24-bit))
info: 	- ffmpeg_pcm_f32le (FFmpeg PCM (32-bit float))
info: 	- ffmpeg_alac (FFmpeg ALAC (24-bit))
info: 	- ffmpeg_flac (FFmpeg FLAC (16-bit))
info: 	- libfdk_aac (libfdk AAC)
info: ==== Startup complete ===============================================
info: All scene data cleared
info: ------------------------------------------------
info: Switched to scene 'Scene'
info: ------------------------------------------------
info: Loaded scenes:
info: - scene 'Scene':
info:     - source: 'Browser' (browser_source)
info: ------------------------------------------------
debug: Attempted path: /usr/bin/../share/obs/obs-studio/locale/en-US.ini
debug: Attempted path: /usr/bin/../share/obs/obs-studio/locale.ini
debug: Attempted path: /usr/bin/../share/obs/obs-studio/themes
debug: Attempted path: /usr/bin/../share/obs/obs-studio/themes/
warning: Get on org.freedesktop.portal.Settings returned an invalid reply
warning: Crash or unclean shutdown detected
warning: [Safe Mode] Normal launch selected, loading third-party plugins is enabled
info: Command Line Arguments: --disable-shutdown-check
info: Using EGL/X11
info: CPU Name: Intel(R) Core(TM) i5-10310U CPU @ 1.70GHz
info: CPU Speed: 2208.000MHz
info: Physical Cores: 4, Logical Cores: 8
info: Physical Memory: 15870MB Total, 8274MB Free
info: Kernel Version: Linux 6.6.87.2-microsoft-standard-WSL2
info: Distribution: "Ubuntu" "24.04"
info: Window System: X11.0, Vendor: The X.Org Foundation, Version: 1.21.1
info: Current Date/Time: 2026-03-19, 10:03:45 PM
info: Browser Hardware Acceleration: false
info: Qt Version: 6.4.2 (runtime), 6.4.2 (compiled)
info: Portable mode: false
info: OBS 32.1.0 (linux)
info: ---------------------------------
info: ---------------------------------
info: audio settings reset:
	samples per sec: 48000
	speakers:        2
	max buffering:   960 milliseconds
	buffering type:  dynamically increasing
info: ---------------------------------
info: Initializing OpenGL...
warning: Unable to open DRM render node.
info: Loading up OpenGL on adapter Mesa llvmpipe (LLVM 20.1.2, 256 bits)
info: OpenGL loaded successfully, version 4.5 (Core Profile) Mesa 25.2.8-0ubuntu0.24.04.1, shading language 4.50
info: ---------------------------------
info: video settings reset:
	base resolution:   1280x720
	output resolution: 1920x1080
	downscale filter:  Bilinear
	fps:               30/1
	format:            NV12
	YUV mode:          Rec. 709/Partial
info: NV12 texture support enabled
info: P010 texture support not available
info: Audio monitoring device:
	name: Default
	id: default
info: ---------------------------------
warning: No AJA devices found, skipping loading AJA UI plugin
warning: Failed to initialize module 'aja-output-ui.so'
warning: No AJA devices found, skipping loading AJA plugin
warning: Failed to initialize module 'aja.so'
warning: Failed to load 'en-US' text for module: 'decklink-captions.so'
warning: Failed to load 'en-US' text for module: 'decklink-output-ui.so'
libDeckLinkAPI.so: cannot open shared object file: No such file or directory
warning: A DeckLink iterator could not be created.  The DeckLink drivers may not be installed
warning: Failed to initialize module 'decklink.so'
info: [pipewire] No capture sources available
warning: v4l2loopback not installed, virtual camera not registered
info: [obs-browser]: Version 2.26.8
info: [obs-browser]: CEF Version 127.0.6533.120 (runtime), 127.0.0-6533-fix-stutter-and-osr-extra-info.3042+g176b09c+chromium-127.0.6533.120 (compiled)
info: FFmpeg VAAPI H264 encoding not supported
info: FFmpeg VAAPI AV1 encoding not supported
info: FFmpeg VAAPI HEVC encoding not supported
error: os_dlopen(libnvidia-encode.so.1->libnvidia-encode.so.1): libnvidia-encode.so.1: cannot open shared object file: No such file or directory

info: NVENC not supported
warning: Failed to initialize module 'obs-nvenc.so'
info: [obs-websocket] [obs_module_load] you can haz websockets (Version: 5.7.2 | RPC Version: 1)
info: [obs-websocket] [obs_module_load] Qt version (compile-time): 6.4.2 | Qt version (run-time): 6.4.2
info: [obs-websocket] [obs_module_load] Linked ASIO Version: 102801
info: [obs-websocket] [obs_module_load] Module loaded.
info: [vlc-video]: VLC 3.0.20 Vetinari found, VLC video source enabled
info: ---------------------------------
info:   Loaded Modules:
info:     vlc-video.so
info:     text-freetype2.so
info:     rtmp-services.so
info:     obs-x264.so
info:     obs-websocket.so
info:     obs-vst.so
info:     obs-transitions.so
info:     obs-qsv11.so
info:     obs-outputs.so
info:     obs-libfdk.so
info:     obs-filters.so
info:     obs-ffmpeg.so
info:     obs-browser.so
info:     linux-v4l2.so
info:     linux-pulseaudio.so
info:     linux-pipewire.so
info:     linux-jack.so
info:     linux-capture.so
info:     linux-alsa.so
info:     image-source.so
info:     frontend-tools.so
info:     decklink-output-ui.so
info:     decklink-captions.so
info: ---------------------------------
info: ---------------------------------
info: Available Encoders:
info:   Video Encoders:
info: 	- ffmpeg_svt_av1 (SVT-AV1)
info: 	- ffmpeg_aom_av1 (AOM AV1)
info: 	- obs_x264 (x264)
info:   Audio Encoders:
info: 	- ffmpeg_aac (FFmpeg AAC)
info: 	- ffmpeg_opus (FFmpeg Opus)
info: 	- ffmpeg_pcm_s16le (FFmpeg PCM (16-bit))
info: 	- ffmpeg_pcm_s24le (FFmpeg PCM (24-bit))
info: 	- ffmpeg_pcm_f32le (FFmpeg PCM (32-bit float))
info: 	- ffmpeg_alac (FFmpeg ALAC (24-bit))
info: 	- ffmpeg_flac (FFmpeg FLAC (16-bit))
info: 	- libfdk_aac (libfdk AAC)
info: ==== Startup complete ===============================================
info: All scene data cleared
info: ------------------------------------------------
info: Switched to scene 'Scene'
info: ------------------------------------------------
info: Loaded scenes:
info: - scene 'Scene':
info:     - source: 'Browser' (browser_source)
info: ------------------------------------------------
debug: Attempted path: /usr/bin/../share/obs/obs-studio/locale/en-US.ini
debug: Attempted path: /usr/bin/../share/obs/obs-studio/locale.ini
debug: Attempted path: /usr/bin/../share/obs/obs-studio/themes
debug: Attempted path: /usr/bin/../share/obs/obs-studio/themes/
warning: Get on org.freedesktop.portal.Settings returned an invalid reply
warning: Crash or unclean shutdown detected
warning: [Safe Mode] Normal launch selected, loading third-party plugins is enabled
info: Command Line Arguments: --disable-shutdown-check
info: Using EGL/X11
info: CPU Name: Intel(R) Core(TM) i5-10310U CPU @ 1.70GHz
info: CPU Speed: 2208.000MHz
info: Physical Cores: 4, Logical Cores: 8
info: Physical Memory: 15870MB Total, 8287MB Free
info: Kernel Version: Linux 6.6.87.2-microsoft-standard-WSL2
info: Distribution: "Ubuntu" "24.04"
info: Window System: X11.0, Vendor: The X.Org Foundation, Version: 1.21.1
info: Current Date/Time: 2026-03-19, 10:10:41 PM
info: Browser Hardware Acceleration: false
info: Qt Version: 6.4.2 (runtime), 6.4.2 (compiled)
info: Portable mode: false
info: OBS 32.1.0 (linux)
info: ---------------------------------
info: ---------------------------------
info: audio settings reset:
	samples per sec: 48000
	speakers:        2
	max buffering:   960 milliseconds
	buffering type:  dynamically increasing
info: ---------------------------------
info: Initializing OpenGL...
warning: Unable to open DRM render node.
info: Loading up OpenGL on adapter Mesa llvmpipe (LLVM 20.1.2, 256 bits)
info: OpenGL loaded successfully, version 4.5 (Core Profile) Mesa 25.2.8-0ubuntu0.24.04.1, shading language 4.50
info: ---------------------------------
info: video settings reset:
	base resolution:   1280x720
	output resolution: 1920x1080
	downscale filter:  Bilinear
	fps:               30/1
	format:            NV12
	YUV mode:          Rec. 709/Partial
info: NV12 texture support enabled
info: P010 texture support not available
info: Audio monitoring device:
	name: Default
	id: default
info: ---------------------------------
warning: No AJA devices found, skipping loading AJA UI plugin
warning: Failed to initialize module 'aja-output-ui.so'
warning: No AJA devices found, skipping loading AJA plugin
warning: Failed to initialize module 'aja.so'
warning: Failed to load 'en-US' text for module: 'decklink-captions.so'
warning: Failed to load 'en-US' text for module: 'decklink-output-ui.so'
libDeckLinkAPI.so: cannot open shared object file: No such file or directory
warning: A DeckLink iterator could not be created.  The DeckLink drivers may not be installed
warning: Failed to initialize module 'decklink.so'
info: [pipewire] No capture sources available
warning: v4l2loopback not installed, virtual camera not registered
info: [obs-browser]: Version 2.26.8
info: [obs-browser]: CEF Version 127.0.6533.120 (runtime), 127.0.0-6533-fix-stutter-and-osr-extra-info.3042+g176b09c+chromium-127.0.6533.120 (compiled)
info: FFmpeg VAAPI H264 encoding not supported
info: FFmpeg VAAPI AV1 encoding not supported
info: FFmpeg VAAPI HEVC encoding not supported
error: os_dlopen(libnvidia-encode.so.1->libnvidia-encode.so.1): libnvidia-encode.so.1: cannot open shared object file: No such file or directory

info: NVENC not supported
warning: Failed to initialize module 'obs-nvenc.so'
info: [obs-websocket] [obs_module_load] you can haz websockets (Version: 5.7.2 | RPC Version: 1)
info: [obs-websocket] [obs_module_load] Qt version (compile-time): 6.4.2 | Qt version (run-time): 6.4.2
info: [obs-websocket] [obs_module_load] Linked ASIO Version: 102801
info: [obs-websocket] [obs_module_load] Module loaded.
info: [vlc-video]: VLC 3.0.20 Vetinari found, VLC video source enabled
info: ---------------------------------
info:   Loaded Modules:
info:     vlc-video.so
info:     text-freetype2.so
info:     rtmp-services.so
info:     obs-x264.so
info:     obs-websocket.so
info:     obs-vst.so
info:     obs-transitions.so
info:     obs-qsv11.so
info:     obs-outputs.so
info:     obs-libfdk.so
info:     obs-filters.so
info:     obs-ffmpeg.so
info:     obs-browser.so
info:     linux-v4l2.so
info:     linux-pulseaudio.so
info:     linux-pipewire.so
info:     linux-jack.so
info:     linux-capture.so
info:     linux-alsa.so
info:     image-source.so
info:     frontend-tools.so
info:     decklink-output-ui.so
info:     decklink-captions.so
info: ---------------------------------
info: ---------------------------------
info: Available Encoders:
info:   Video Encoders:
info: 	- ffmpeg_svt_av1 (SVT-AV1)
info: 	- ffmpeg_aom_av1 (AOM AV1)
info: 	- obs_x264 (x264)
info:   Audio Encoders:
info: 	- ffmpeg_aac (FFmpeg AAC)
info: 	- ffmpeg_opus (FFmpeg Opus)
info: 	- ffmpeg_pcm_s16le (FFmpeg PCM (16-bit))
info: 	- ffmpeg_pcm_s24le (FFmpeg PCM (24-bit))
info: 	- ffmpeg_pcm_f32le (FFmpeg PCM (32-bit float))
info: 	- ffmpeg_alac (FFmpeg ALAC (24-bit))
info: 	- ffmpeg_flac (FFmpeg FLAC (16-bit))
info: 	- libfdk_aac (libfdk AAC)
info: ==== Startup complete ===============================================
info: All scene data cleared
info: ------------------------------------------------
info: Switched to scene 'Scene'
info: ------------------------------------------------
info: Loaded scenes:
info: - scene 'Scene':
info:     - source: 'Browser' (browser_source)
info: ------------------------------------------------
info: ==== Shutting down ==================================================
info: All scene data cleared
info: ------------------------------------------------
error: Tried to call obs_frontend_remove_event_callback with no callbacks!
info: [obs-websocket] [obs_module_unload] Shutting down...
error: Tried to call obs_frontend_remove_event_callback with no callbacks!
info: [obs-websocket] [obs_module_unload] Finished shutting down.
info: [Scripting] Total detached callbacks: 0
info: Freeing OBS context data
info: == Profiler Results =============================
info: run_program_init: 6110.01 ms
info:  ┣OBSApp::AppInit: 44.559 ms
info:  ┃ ┗OBSApp::InitLocale: 1.604 ms
info:  ┗OBSApp::OBSInit: 1020.26 ms
info:    ┣obs_startup: 10.415 ms
info:    ┗OBSBasic::OBSInit: 957.854 ms
info:      ┣OBSBasic::InitBasicConfig: 15.996 ms
info:      ┣OBSBasic::ResetAudio: 1.162 ms
info:      ┣OBSBasic::ResetVideo: 323.392 ms
info:      ┃ ┗obs_init_graphics: 298.435 ms
info:      ┃   ┗shader compilation: 189.515 ms
info:      ┣OBSBasic::InitOBSCallbacks: 0.009 ms
info:      ┣OBSBasic::InitHotkeys: 0.036 ms
info:      ┣obs_load_all_modules2: 299.558 ms
info:      ┃ ┣obs_init_module(aja-output-ui.so): 0.745 ms
info:      ┃ ┣obs_init_module(aja.so): 0.61 ms
info:      ┃ ┣obs_init_module(decklink-captions.so): 0 ms
info:      ┃ ┣obs_init_module(decklink-output-ui.so): 0 ms
info:      ┃ ┣obs_init_module(decklink.so): 0.733 ms
info:      ┃ ┣obs_init_module(frontend-tools.so): 115.266 ms
info:      ┃ ┣obs_init_module(image-source.so): 0.005 ms
info:      ┃ ┣obs_init_module(linux-alsa.so): 0.001 ms
info:      ┃ ┣obs_init_module(linux-capture.so): 1.855 ms
info:      ┃ ┣obs_init_module(linux-jack.so): 0.006 ms
info:      ┃ ┣obs_init_module(linux-pipewire.so): 26.844 ms
info:      ┃ ┣obs_init_module(linux-pulseaudio.so): 0.007 ms
info:      ┃ ┣obs_init_module(linux-v4l2.so): 1.75 ms
info:      ┃ ┣obs_init_module(obs-browser.so): 1.395 ms
info:      ┃ ┣obs_init_module(obs-ffmpeg.so): 2.389 ms
info:      ┃ ┣obs_init_module(obs-filters.so): 0.016 ms
info:      ┃ ┣obs_init_module(obs-libfdk.so): 0.001 ms
info:      ┃ ┣obs_init_module(obs-nvenc.so): 2.863 ms
info:      ┃ ┃ ┗nvenc_check: 1.464 ms
info:      ┃ ┣obs_init_module(obs-outputs.so): 0.003 ms
info:      ┃ ┣obs_init_module(obs-qsv11.so): 0.062 ms
info:      ┃ ┣obs_init_module(obs-transitions.so): 0.005 ms
info:      ┃ ┣obs_init_module(obs-vst.so): 0.001 ms
info:      ┃ ┣obs_init_module(obs-websocket.so): 18.524 ms
info:      ┃ ┣obs_init_module(obs-x264.so): 0.001 ms
info:      ┃ ┣obs_init_module(rtmp-services.so): 9.996 ms
info:      ┃ ┣obs_init_module(text-freetype2.so): 0.838 ms
info:      ┃ ┗obs_init_module(vlc-video.so): 1.57 ms
info:      ┣OBSBasic::InitService: 2.26 ms
info:      ┣OBSBasic::ResetOutputs: 0.144 ms
info:      ┣OBSBasic::CreateHotkeys: 0.024 ms
info:      ┣OBSBasic::InitPrimitives: 0.067 ms
info:      ┗OBSBasic::Load: 66.632 ms
info: obs_hotkey_thread(25 ms): min=0.061 ms, median=0.748 ms, max=17.23 ms, 99th percentile=1.994 ms, 100% below 25 ms
info: audio_thread(Audio): min=0.006 ms, median=0.016 ms, max=67.005 ms, 99th percentile=0.078 ms
info: obs_graphics_thread(33.3333 ms): min=0.198 ms, median=5.254 ms, max=160.651 ms, 99th percentile=10.045 ms, 99.9703% below 33.333 ms
info:  ┣tick_sources: min=0.001 ms, median=0.008 ms, max=12.048 ms, 99th percentile=0.024 ms
info:  ┣output_frame: min=0.162 ms, median=0.305 ms, max=81.534 ms, 99th percentile=0.9 ms
info:  ┃ ┗gs_context(video->graphics): min=0.162 ms, median=0.305 ms, max=81.507 ms, 99th percentile=0.899 ms
info:  ┃   ┣render_video: min=0.02 ms, median=0.29 ms, max=81.38 ms, 99th percentile=0.846 ms
info:  ┃   ┃ ┗render_main_texture: min=0.016 ms, median=0.285 ms, max=81.369 ms, 99th percentile=0.837 ms
info:  ┃   ┗gs_flush: min=0.001 ms, median=0.003 ms, max=5.189 ms, 99th percentile=0.016 ms
info:  ┗render_displays: min=0.003 ms, median=4.901 ms, max=159.576 ms, 99th percentile=8.929 ms
info: =================================================
info: == Profiler Time Between Calls ==================
info: obs_hotkey_thread(25 ms): min=25.161 ms, median=26.028 ms, max=42.618 ms, 2.65172% within ±2% of 25 ms (0% lower, 97.3483% higher)
info: obs_graphics_thread(33.3333 ms): min=12.343 ms, median=33.337 ms, max=160.659 ms, 99.8516% within ±2% of 33.333 ms (0.0791609% lower, 0.0692658% higher)
info: =================================================
info: Number of memory leaks: 0
debug: Attempted path: /usr/bin/../share/obs/obs-studio/locale/en-US.ini
debug: Attempted path: /usr/bin/../share/obs/obs-studio/locale.ini
debug: Attempted path: /usr/bin/../share/obs/obs-studio/themes
debug: Attempted path: /usr/bin/../share/obs/obs-studio/themes/
warning: Get on org.freedesktop.portal.Settings returned an invalid reply
info: Command Line Arguments: --disable-shutdown-check
info: Using EGL/X11
info: CPU Name: Intel(R) Core(TM) i5-10310U CPU @ 1.70GHz
info: CPU Speed: 2208.000MHz
info: Physical Cores: 4, Logical Cores: 8
info: Physical Memory: 15870MB Total, 8273MB Free
info: Kernel Version: Linux 6.6.87.2-microsoft-standard-WSL2
info: Distribution: "Ubuntu" "24.04"
info: Window System: X11.0, Vendor: The X.Org Foundation, Version: 1.21.1
info: Current Date/Time: 2026-03-19, 10:16:41 PM
info: Browser Hardware Acceleration: false
info: Qt Version: 6.4.2 (runtime), 6.4.2 (compiled)
info: Portable mode: false
info: OBS 32.1.0 (linux)
info: ---------------------------------
info: ---------------------------------
info: audio settings reset:
	samples per sec: 48000
	speakers:        2
	max buffering:   960 milliseconds
	buffering type:  dynamically increasing
info: ---------------------------------
info: Initializing OpenGL...
warning: Unable to open DRM render node.
info: Loading up OpenGL on adapter Mesa llvmpipe (LLVM 20.1.2, 256 bits)
info: OpenGL loaded successfully, version 4.5 (Core Profile) Mesa 25.2.8-0ubuntu0.24.04.1, shading language 4.50
info: ---------------------------------
info: video settings reset:
	base resolution:   1280x720
	output resolution: 1920x1080
	downscale filter:  Bilinear
	fps:               30/1
	format:            NV12
	YUV mode:          Rec. 709/Partial
info: NV12 texture support enabled
info: P010 texture support not available
info: Audio monitoring device:
	name: Default
	id: default
info: ---------------------------------
warning: No AJA devices found, skipping loading AJA UI plugin
warning: Failed to initialize module 'aja-output-ui.so'
warning: No AJA devices found, skipping loading AJA plugin
warning: Failed to initialize module 'aja.so'
warning: Failed to load 'en-US' text for module: 'decklink-captions.so'
warning: Failed to load 'en-US' text for module: 'decklink-output-ui.so'
libDeckLinkAPI.so: cannot open shared object file: No such file or directory
warning: A DeckLink iterator could not be created.  The DeckLink drivers may not be installed
warning: Failed to initialize module 'decklink.so'
info: [pipewire] No capture sources available
warning: v4l2loopback not installed, virtual camera not registered
info: [obs-browser]: Version 2.26.8
info: [obs-browser]: CEF Version 127.0.6533.120 (runtime), 127.0.0-6533-fix-stutter-and-osr-extra-info.3042+g176b09c+chromium-127.0.6533.120 (compiled)
info: FFmpeg VAAPI H264 encoding not supported
info: FFmpeg VAAPI AV1 encoding not supported
info: FFmpeg VAAPI HEVC encoding not supported
error: os_dlopen(libnvidia-encode.so.1->libnvidia-encode.so.1): libnvidia-encode.so.1: cannot open shared object file: No such file or directory

info: NVENC not supported
warning: Failed to initialize module 'obs-nvenc.so'
info: [obs-websocket] [obs_module_load] you can haz websockets (Version: 5.7.2 | RPC Version: 1)
info: [obs-websocket] [obs_module_load] Qt version (compile-time): 6.4.2 | Qt version (run-time): 6.4.2
info: [obs-websocket] [obs_module_load] Linked ASIO Version: 102801
info: [obs-websocket] [obs_module_load] Module loaded.
info: [vlc-video]: VLC 3.0.20 Vetinari found, VLC video source enabled
info: ---------------------------------
info:   Loaded Modules:
info:     vlc-video.so
info:     text-freetype2.so
info:     rtmp-services.so
info:     obs-x264.so
info:     obs-websocket.so
info:     obs-vst.so
info:     obs-transitions.so
info:     obs-qsv11.so
info:     obs-outputs.so
info:     obs-libfdk.so
info:     obs-filters.so
info:     obs-ffmpeg.so
info:     obs-browser.so
info:     linux-v4l2.so
info:     linux-pulseaudio.so
info:     linux-pipewire.so
info:     linux-jack.so
info:     linux-capture.so
info:     linux-alsa.so
info:     image-source.so
info:     frontend-tools.so
info:     decklink-output-ui.so
info:     decklink-captions.so
info: ---------------------------------
info: ---------------------------------
info: Available Encoders:
info:   Video Encoders:
info: 	- ffmpeg_svt_av1 (SVT-AV1)
info: 	- ffmpeg_aom_av1 (AOM AV1)
info: 	- obs_x264 (x264)
info:   Audio Encoders:
info: 	- ffmpeg_aac (FFmpeg AAC)
info: 	- ffmpeg_opus (FFmpeg Opus)
info: 	- ffmpeg_pcm_s16le (FFmpeg PCM (16-bit))
info: 	- ffmpeg_pcm_s24le (FFmpeg PCM (24-bit))
info: 	- ffmpeg_pcm_f32le (FFmpeg PCM (32-bit float))
info: 	- ffmpeg_alac (FFmpeg ALAC (24-bit))
info: 	- ffmpeg_flac (FFmpeg FLAC (16-bit))
info: 	- libfdk_aac (libfdk AAC)
info: ==== Startup complete ===============================================
info: All scene data cleared
info: ------------------------------------------------
info: Switched to scene 'Scene'
info: ------------------------------------------------
info: Loaded scenes:
info: - scene 'Scene':
info:     - source: 'Browser' (browser_source)
info: ------------------------------------------------
debug: Attempted path: /usr/bin/../share/obs/obs-studio/locale/en-US.ini
debug: Attempted path: /usr/bin/../share/obs/obs-studio/locale.ini
debug: Attempted path: /usr/bin/../share/obs/obs-studio/themes
debug: Attempted path: /usr/bin/../share/obs/obs-studio/themes/
warning: Get on org.freedesktop.portal.Settings returned an invalid reply
warning: Crash or unclean shutdown detected
warning: [Safe Mode] Normal launch selected, loading third-party plugins is enabled
info: Command Line Arguments: --disable-shutdown-check
info: Using EGL/X11
info: CPU Name: Intel(R) Core(TM) i5-10310U CPU @ 1.70GHz
info: CPU Speed: 2208.000MHz
info: Physical Cores: 4, Logical Cores: 8
info: Physical Memory: 15870MB Total, 8275MB Free
info: Kernel Version: Linux 6.6.87.2-microsoft-standard-WSL2
info: Distribution: "Ubuntu" "24.04"
info: Window System: X11.0, Vendor: The X.Org Foundation, Version: 1.21.1
info: Current Date/Time: 2026-03-19, 10:23:50 PM
info: Browser Hardware Acceleration: false
info: Qt Version: 6.4.2 (runtime), 6.4.2 (compiled)
info: Portable mode: false
info: OBS 32.1.0 (linux)
info: ---------------------------------
info: ---------------------------------
info: audio settings reset:
	samples per sec: 48000
	speakers:        2
	max buffering:   960 milliseconds
	buffering type:  dynamically increasing
info: ---------------------------------
info: Initializing OpenGL...
warning: Unable to open DRM render node.
info: Loading up OpenGL on adapter Mesa llvmpipe (LLVM 20.1.2, 256 bits)
info: OpenGL loaded successfully, version 4.5 (Core Profile) Mesa 25.2.8-0ubuntu0.24.04.1, shading language 4.50
info: ---------------------------------
info: video settings reset:
	base resolution:   1280x720
	output resolution: 1920x1080
	downscale filter:  Bilinear
	fps:               30/1
	format:            NV12
	YUV mode:          Rec. 709/Partial
info: NV12 texture support enabled
info: P010 texture support not available
info: Audio monitoring device:
	name: Default
	id: default
info: ---------------------------------
warning: No AJA devices found, skipping loading AJA UI plugin
warning: Failed to initialize module 'aja-output-ui.so'
warning: No AJA devices found, skipping loading AJA plugin
warning: Failed to initialize module 'aja.so'
warning: Failed to load 'en-US' text for module: 'decklink-captions.so'
warning: Failed to load 'en-US' text for module: 'decklink-output-ui.so'
libDeckLinkAPI.so: cannot open shared object file: No such file or directory
warning: A DeckLink iterator could not be created.  The DeckLink drivers may not be installed
warning: Failed to initialize module 'decklink.so'
info: [pipewire] No capture sources available
warning: v4l2loopback not installed, virtual camera not registered
info: [obs-browser]: Version 2.26.8
info: [obs-browser]: CEF Version 127.0.6533.120 (runtime), 127.0.0-6533-fix-stutter-and-osr-extra-info.3042+g176b09c+chromium-127.0.6533.120 (compiled)
info: FFmpeg VAAPI H264 encoding not supported
info: FFmpeg VAAPI AV1 encoding not supported
info: FFmpeg VAAPI HEVC encoding not supported
error: os_dlopen(libnvidia-encode.so.1->libnvidia-encode.so.1): libnvidia-encode.so.1: cannot open shared object file: No such file or directory

info: NVENC not supported
warning: Failed to initialize module 'obs-nvenc.so'
info: [obs-websocket] [obs_module_load] you can haz websockets (Version: 5.7.2 | RPC Version: 1)
info: [obs-websocket] [obs_module_load] Qt version (compile-time): 6.4.2 | Qt version (run-time): 6.4.2
info: [obs-websocket] [obs_module_load] Linked ASIO Version: 102801
info: [obs-websocket] [obs_module_load] Module loaded.
info: [vlc-video]: VLC 3.0.20 Vetinari found, VLC video source enabled
info: ---------------------------------
info:   Loaded Modules:
info:     vlc-video.so
info:     text-freetype2.so
info:     rtmp-services.so
info:     obs-x264.so
info:     obs-websocket.so
info:     obs-vst.so
info:     obs-transitions.so
info:     obs-qsv11.so
info:     obs-outputs.so
info:     obs-libfdk.so
info:     obs-filters.so
info:     obs-ffmpeg.so
info:     obs-browser.so
info:     linux-v4l2.so
info:     linux-pulseaudio.so
info:     linux-pipewire.so
info:     linux-jack.so
info:     linux-capture.so
info:     linux-alsa.so
info:     image-source.so
info:     frontend-tools.so
info:     decklink-output-ui.so
info:     decklink-captions.so
info: ---------------------------------
info: ---------------------------------
info: Available Encoders:
info:   Video Encoders:
info: 	- ffmpeg_svt_av1 (SVT-AV1)
info: 	- ffmpeg_aom_av1 (AOM AV1)
info: 	- obs_x264 (x264)
info:   Audio Encoders:
info: 	- ffmpeg_aac (FFmpeg AAC)
info: 	- ffmpeg_opus (FFmpeg Opus)
info: 	- ffmpeg_pcm_s16le (FFmpeg PCM (16-bit))
info: 	- ffmpeg_pcm_s24le (FFmpeg PCM (24-bit))
info: 	- ffmpeg_pcm_f32le (FFmpeg PCM (32-bit float))
info: 	- ffmpeg_alac (FFmpeg ALAC (24-bit))
info: 	- ffmpeg_flac (FFmpeg FLAC (16-bit))
info: 	- libfdk_aac (libfdk AAC)
info: ==== Startup complete ===============================================
info: All scene data cleared
info: ------------------------------------------------
info: Switched to scene 'Scene'
info: ------------------------------------------------
info: Loaded scenes:
info: - scene 'Scene':
info:     - source: 'Browser' (browser_source)
info: ------------------------------------------------
[0319/222351.460906:WARNING:task_impl.cc(31)] No task runner for threadId 0
ALSA lib confmisc.c:855:(parse_card) cannot find card '0'
ALSA lib conf.c:5204:(_snd_config_evaluate) function snd_func_card_inum returned error: No such file or directory
ALSA lib confmisc.c:422:(snd_func_concat) error evaluating strings
ALSA lib conf.c:5204:(_snd_config_evaluate) function snd_func_concat returned error: No such file or directory
ALSA lib confmisc.c:1342:(snd_func_refer) error evaluating name
ALSA lib conf.c:5204:(_snd_config_evaluate) function snd_func_refer returned error: No such file or directory
ALSA lib conf.c:5727:(snd_config_expand) Evaluate error: No such file or directory
ALSA lib pcm.c:2721:(snd_pcm_open_noupdate) Unknown PCM default
ALSA lib confmisc.c:855:(parse_card) cannot find card '0'
ALSA lib conf.c:5204:(_snd_config_evaluate) function snd_func_card_inum returned error: No such file or directory
ALSA lib confmisc.c:422:(snd_func_concat) error evaluating strings
ALSA lib conf.c:5204:(_snd_config_evaluate) function snd_func_concat returned error: No such file or directory
ALSA lib confmisc.c:1342:(snd_func_refer) error evaluating name
ALSA lib conf.c:5204:(_snd_config_evaluate) function snd_func_refer returned error: No such file or directory
ALSA lib conf.c:5727:(snd_config_expand) Evaluate error: No such file or directory
ALSA lib pcm.c:2721:(snd_pcm_open_noupdate) Unknown PCM default
warning: [obs-browser: 'Browser'] Error: Error reproduciendo: [object DOMException] (http://localhost:8080/:452)
warning: [obs-browser: 'Browser'] Error: Error reproduciendo: [object DOMException] (http://localhost:8080/:452)
warning: [obs-browser: 'Browser'] Error: Error reproduciendo: [object DOMException] (http://localhost:8080/:452)
warning: [obs-browser: 'Browser'] Error: Error reproduciendo: [object DOMException] (http://localhost:8080/:452)
warning: [obs-browser: 'Browser'] Error: Error reproduciendo: [object DOMException] (http://localhost:8080/:452)
warning: [obs-browser: 'Browser'] Error: Error reproduciendo: [object DOMException] (http://localhost:8080/:452)
warning: [obs-browser: 'Browser'] Error: Error reproduciendo: [object DOMException] (http://localhost:8080/:452)
warning: [obs-browser: 'Browser'] Error: Error reproduciendo: [object DOMException] (http://localhost:8080/:452)
warning: [obs-browser: 'Browser'] Error: Error reproduciendo: [object DOMException] (http://localhost:8080/:452)
warning: [obs-browser: 'Browser'] Error: Error reproduciendo: [object DOMException] (http://localhost:8080/:452)
warning: [obs-browser: 'Browser'] Error: Error reproduciendo: [object DOMException] (http://localhost:8080/:452)
warning: [obs-browser: 'Browser'] Error: Error reproduciendo: [object DOMException] (http://localhost:8080/:452)
ALSA lib confmisc.c:855:(parse_card) cannot find card '0'
ALSA lib conf.c:5204:(_snd_config_evaluate) function snd_func_card_inum returned error: No such file or directory
ALSA lib confmisc.c:422:(snd_func_concat) error evaluating strings
ALSA lib conf.c:5204:(_snd_config_evaluate) function snd_func_concat returned error: No such file or directory
ALSA lib confmisc.c:1342:(snd_func_refer) error evaluating name
ALSA lib conf.c:5204:(_snd_config_evaluate) function snd_func_refer returned error: No such file or directory
ALSA lib conf.c:5727:(snd_config_expand) Evaluate error: No such file or directory
ALSA lib pcm.c:2721:(snd_pcm_open_noupdate) Unknown PCM default
ALSA lib confmisc.c:855:(parse_card) cannot find card '0'
ALSA lib conf.c:5204:(_snd_config_evaluate) function snd_func_card_inum returned error: No such file or directory
ALSA lib confmisc.c:422:(snd_func_concat) error evaluating strings
ALSA lib conf.c:5204:(_snd_config_evaluate) function snd_func_concat returned error: No such file or directory
ALSA lib confmisc.c:1342:(snd_func_refer) error evaluating name
ALSA lib conf.c:5204:(_snd_config_evaluate) function snd_func_refer returned error: No such file or directory
ALSA lib conf.c:5727:(snd_config_expand) Evaluate error: No such file or directory
ALSA lib pcm.c:2721:(snd_pcm_open_noupdate) Unknown PCM default
info: ==== Shutting down ==================================================
info: All scene data cleared
info: ------------------------------------------------
error: Tried to call obs_frontend_remove_event_callback with no callbacks!
info: [obs-websocket] [obs_module_unload] Shutting down...
error: Tried to call obs_frontend_remove_event_callback with no callbacks!
info: [obs-websocket] [obs_module_unload] Finished shutting down.
info: [Scripting] Total detached callbacks: 0
info: Freeing OBS context data
info: == Profiler Results =============================
info: run_program_init: 28499.9 ms
info:  ┣OBSApp::AppInit: 42.237 ms
info:  ┃ ┗OBSApp::InitLocale: 1.632 ms
info:  ┗OBSApp::OBSInit: 920.899 ms
info:    ┣obs_startup: 13.195 ms
info:    ┗OBSBasic::OBSInit: 859.388 ms
info:      ┣OBSBasic::InitBasicConfig: 17.978 ms
info:      ┣OBSBasic::ResetAudio: 1.264 ms
info:      ┣OBSBasic::ResetVideo: 276.015 ms
info:      ┃ ┗obs_init_graphics: 262.494 ms
info:      ┃   ┗shader compilation: 169.886 ms
info:      ┣OBSBasic::InitOBSCallbacks: 0.023 ms
info:      ┣OBSBasic::InitHotkeys: 0.028 ms
info:      ┣obs_load_all_modules2: 308.502 ms
info:      ┃ ┣obs_init_module(aja-output-ui.so): 0.999 ms
info:      ┃ ┣obs_init_module(aja.so): 0.832 ms
info:      ┃ ┣obs_init_module(decklink-captions.so): 0 ms
info:      ┃ ┣obs_init_module(decklink-output-ui.so): 0 ms
info:      ┃ ┣obs_init_module(decklink.so): 0.807 ms
info:      ┃ ┣obs_init_module(frontend-tools.so): 109.752 ms
info:      ┃ ┣obs_init_module(image-source.so): 0.007 ms
info:      ┃ ┣obs_init_module(linux-alsa.so): 0.001 ms
info:      ┃ ┣obs_init_module(linux-capture.so): 1.462 ms
info:      ┃ ┣obs_init_module(linux-jack.so): 0.001 ms
info:      ┃ ┣obs_init_module(linux-pipewire.so): 27.126 ms
info:      ┃ ┣obs_init_module(linux-pulseaudio.so): 0.007 ms
info:      ┃ ┣obs_init_module(linux-v4l2.so): 1.372 ms
info:      ┃ ┣obs_init_module(obs-browser.so): 0.947 ms
info:      ┃ ┣obs_init_module(obs-ffmpeg.so): 2.709 ms
info:      ┃ ┣obs_init_module(obs-filters.so): 0.028 ms
info:      ┃ ┣obs_init_module(obs-libfdk.so): 0.001 ms
info:      ┃ ┣obs_init_module(obs-nvenc.so): 2.498 ms
info:      ┃ ┃ ┗nvenc_check: 1.481 ms
info:      ┃ ┣obs_init_module(obs-outputs.so): 0.005 ms
info:      ┃ ┣obs_init_module(obs-qsv11.so): 0.09 ms
info:      ┃ ┣obs_init_module(obs-transitions.so): 0.006 ms
info:      ┃ ┣obs_init_module(obs-vst.so): 0.002 ms
info:      ┃ ┣obs_init_module(obs-websocket.so): 18.38 ms
info:      ┃ ┣obs_init_module(obs-x264.so): 0.002 ms
info:      ┃ ┣obs_init_module(rtmp-services.so): 9.307 ms
info:      ┃ ┣obs_init_module(text-freetype2.so): 1.03 ms
info:      ┃ ┗obs_init_module(vlc-video.so): 1.906 ms
info:      ┣OBSBasic::InitService: 2.484 ms
info:      ┣OBSBasic::ResetOutputs: 0.165 ms
info:      ┣OBSBasic::CreateHotkeys: 0.027 ms
info:      ┣OBSBasic::InitPrimitives: 0.073 ms
info:      ┗OBSBasic::Load: 58.777 ms
info: obs_hotkey_thread(25 ms): min=0.067 ms, median=0.726 ms, max=50.833 ms, 99th percentile=3.513 ms, 99.9923% below 25 ms
info: audio_thread(Audio): min=0.007 ms, median=0.019 ms, max=63.648 ms, 99th percentile=0.454 ms
info: obs_graphics_thread(33.3333 ms): min=0.235 ms, median=11.616 ms, max=200.873 ms, 99th percentile=23.626 ms, 99.7108% below 33.333 ms
info:  ┣tick_sources: min=0.001 ms, median=0.011 ms, max=29.858 ms, 99th percentile=0.035 ms
info:  ┣output_frame: min=0.119 ms, median=0.332 ms, max=67.726 ms, 99th percentile=0.95 ms
info:  ┃ ┗gs_context(video->graphics): min=0.119 ms, median=0.331 ms, max=67.721 ms, 99th percentile=0.948 ms
info:  ┃   ┣render_video: min=0.023 ms, median=0.315 ms, max=67.526 ms, 99th percentile=0.876 ms
info:  ┃   ┃ ┗render_main_texture: min=0.019 ms, median=0.31 ms, max=67.518 ms, 99th percentile=0.867 ms
info:  ┃   ┗gs_flush: min=0.001 ms, median=0.002 ms, max=19.054 ms, 99th percentile=0.022 ms
info:  ┗render_displays: min=0.003 ms, median=11.213 ms, max=200.613 ms, 99th percentile=22.73 ms
info: =================================================
info: == Profiler Time Between Calls ==================
info: obs_hotkey_thread(25 ms): min=25.126 ms, median=25.977 ms, max=76.205 ms, 10.0276% within ±2% of 25 ms (0% lower, 89.9724% higher)
info: obs_graphics_thread(33.3333 ms): min=8.859 ms, median=33.334 ms, max=200.884 ms, 99.4176% within ±2% of 33.333 ms (0.269695% lower, 0.312689% higher)
info: =================================================
info: Number of memory leaks: 0
debug: Attempted path: /usr/bin/../share/obs/obs-studio/locale/en-US.ini
debug: Attempted path: /usr/bin/../share/obs/obs-studio/locale.ini
debug: Attempted path: /usr/bin/../share/obs/obs-studio/themes
debug: Attempted path: /usr/bin/../share/obs/obs-studio/themes/
warning: Get on org.freedesktop.portal.Settings returned an invalid reply
info: Command Line Arguments: --disable-shutdown-check
info: Using EGL/X11
info: CPU Name: Intel(R) Core(TM) i5-10310U CPU @ 1.70GHz
info: CPU Speed: 2208.000MHz
info: Physical Cores: 4, Logical Cores: 8
info: Physical Memory: 15870MB Total, 8258MB Free
info: Kernel Version: Linux 6.6.87.2-microsoft-standard-WSL2
info: Distribution: "Ubuntu" "24.04"
info: Window System: X11.0, Vendor: The X.Org Foundation, Version: 1.21.1
info: Current Date/Time: 2026-03-19, 10:52:40 PM
info: Browser Hardware Acceleration: false
info: Qt Version: 6.4.2 (runtime), 6.4.2 (compiled)
info: Portable mode: false
info: OBS 32.1.0 (linux)
info: ---------------------------------
info: ---------------------------------
info: audio settings reset:
	samples per sec: 48000
	speakers:        2
	max buffering:   960 milliseconds
	buffering type:  dynamically increasing
info: ---------------------------------
info: Initializing OpenGL...
warning: Unable to open DRM render node.
info: Loading up OpenGL on adapter Mesa llvmpipe (LLVM 20.1.2, 256 bits)
info: OpenGL loaded successfully, version 4.5 (Core Profile) Mesa 25.2.8-0ubuntu0.24.04.1, shading language 4.50
info: ---------------------------------
info: video settings reset:
	base resolution:   1280x720
	output resolution: 1920x1080
	downscale filter:  Bilinear
	fps:               30/1
	format:            NV12
	YUV mode:          Rec. 709/Partial
info: NV12 texture support enabled
info: P010 texture support not available
info: Audio monitoring device:
	name: Default
	id: default
info: ---------------------------------
warning: No AJA devices found, skipping loading AJA UI plugin
warning: Failed to initialize module 'aja-output-ui.so'
warning: No AJA devices found, skipping loading AJA plugin
warning: Failed to initialize module 'aja.so'
warning: Failed to load 'en-US' text for module: 'decklink-captions.so'
warning: Failed to load 'en-US' text for module: 'decklink-output-ui.so'
libDeckLinkAPI.so: cannot open shared object file: No such file or directory
warning: A DeckLink iterator could not be created.  The DeckLink drivers may not be installed
warning: Failed to initialize module 'decklink.so'
info: [pipewire] No capture sources available
warning: v4l2loopback not installed, virtual camera not registered
info: [obs-browser]: Version 2.26.8
info: [obs-browser]: CEF Version 127.0.6533.120 (runtime), 127.0.0-6533-fix-stutter-and-osr-extra-info.3042+g176b09c+chromium-127.0.6533.120 (compiled)
info: FFmpeg VAAPI H264 encoding not supported
info: FFmpeg VAAPI AV1 encoding not supported
info: FFmpeg VAAPI HEVC encoding not supported
error: os_dlopen(libnvidia-encode.so.1->libnvidia-encode.so.1): libnvidia-encode.so.1: cannot open shared object file: No such file or directory

info: NVENC not supported
warning: Failed to initialize module 'obs-nvenc.so'
info: [obs-websocket] [obs_module_load] you can haz websockets (Version: 5.7.2 | RPC Version: 1)
info: [obs-websocket] [obs_module_load] Qt version (compile-time): 6.4.2 | Qt version (run-time): 6.4.2
info: [obs-websocket] [obs_module_load] Linked ASIO Version: 102801
info: [obs-websocket] [obs_module_load] Module loaded.
info: [vlc-video]: VLC 3.0.20 Vetinari found, VLC video source enabled
info: ---------------------------------
info:   Loaded Modules:
info:     vlc-video.so
info:     text-freetype2.so
info:     rtmp-services.so
info:     obs-x264.so
info:     obs-websocket.so
info:     obs-vst.so
info:     obs-transitions.so
info:     obs-qsv11.so
info:     obs-outputs.so
info:     obs-libfdk.so
info:     obs-filters.so
info:     obs-ffmpeg.so
info:     obs-browser.so
info:     linux-v4l2.so
info:     linux-pulseaudio.so
info:     linux-pipewire.so
info:     linux-jack.so
info:     linux-capture.so
info:     linux-alsa.so
info:     image-source.so
info:     frontend-tools.so
info:     decklink-output-ui.so
info:     decklink-captions.so
info: ---------------------------------
info: ---------------------------------
info: Available Encoders:
info:   Video Encoders:
info: 	- ffmpeg_svt_av1 (SVT-AV1)
info: 	- ffmpeg_aom_av1 (AOM AV1)
info: 	- obs_x264 (x264)
info:   Audio Encoders:
info: 	- ffmpeg_aac (FFmpeg AAC)
info: 	- ffmpeg_opus (FFmpeg Opus)
info: 	- ffmpeg_pcm_s16le (FFmpeg PCM (16-bit))
info: 	- ffmpeg_pcm_s24le (FFmpeg PCM (24-bit))
info: 	- ffmpeg_pcm_f32le (FFmpeg PCM (32-bit float))
info: 	- ffmpeg_alac (FFmpeg ALAC (24-bit))
info: 	- ffmpeg_flac (FFmpeg FLAC (16-bit))
info: 	- libfdk_aac (libfdk AAC)
info: ==== Startup complete ===============================================
info: All scene data cleared
info: ------------------------------------------------
info: Switched to scene 'Scene'
info: ------------------------------------------------
info: Loaded scenes:
info: - scene 'Scene':
info:     - source: 'Browser' (browser_source)
info: ------------------------------------------------
info: ==== Shutting down ==================================================
info: All scene data cleared
info: ------------------------------------------------
error: Tried to call obs_frontend_remove_event_callback with no callbacks!
info: [obs-websocket] [obs_module_unload] Shutting down...
error: Tried to call obs_frontend_remove_event_callback with no callbacks!
info: [obs-websocket] [obs_module_unload] Finished shutting down.
info: [Scripting] Total detached callbacks: 0
info: Freeing OBS context data
info: == Profiler Results =============================
info: run_program_init: 992.761 ms
info:  ┣OBSApp::AppInit: 40.574 ms
info:  ┃ ┗OBSApp::InitLocale: 1.401 ms
info:  ┗OBSApp::OBSInit: 882.801 ms
info:    ┣obs_startup: 2.994 ms
info:    ┗OBSBasic::OBSInit: 828.854 ms
info:      ┣OBSBasic::InitBasicConfig: 23.258 ms
info:      ┣OBSBasic::ResetAudio: 1.346 ms
info:      ┣OBSBasic::ResetVideo: 275.639 ms
info:      ┃ ┗obs_init_graphics: 261.281 ms
info:      ┃   ┗shader compilation: 176.501 ms
info:      ┣OBSBasic::InitOBSCallbacks: 0.006 ms
info:      ┣OBSBasic::InitHotkeys: 0.065 ms
info:      ┣obs_load_all_modules2: 276.48 ms
info:      ┃ ┣obs_init_module(aja-output-ui.so): 0.708 ms
info:      ┃ ┣obs_init_module(aja.so): 0.674 ms
info:      ┃ ┣obs_init_module(decklink-captions.so): 0 ms
info:      ┃ ┣obs_init_module(decklink-output-ui.so): 0 ms
info:      ┃ ┣obs_init_module(decklink.so): 0.9 ms
info:      ┃ ┣obs_init_module(frontend-tools.so): 92.665 ms
info:      ┃ ┣obs_init_module(image-source.so): 0.005 ms
info:      ┃ ┣obs_init_module(linux-alsa.so): 0.001 ms
info:      ┃ ┣obs_init_module(linux-capture.so): 2.97 ms
info:      ┃ ┣obs_init_module(linux-jack.so): 0.001 ms
info:      ┃ ┣obs_init_module(linux-pipewire.so): 26.77 ms
info:      ┃ ┣obs_init_module(linux-pulseaudio.so): 0.006 ms
info:      ┃ ┣obs_init_module(linux-v4l2.so): 1.668 ms
info:      ┃ ┣obs_init_module(obs-browser.so): 1.368 ms
info:      ┃ ┣obs_init_module(obs-ffmpeg.so): 2.251 ms
info:      ┃ ┣obs_init_module(obs-filters.so): 0.02 ms
info:      ┃ ┣obs_init_module(obs-libfdk.so): 0.001 ms
info:      ┃ ┣obs_init_module(obs-nvenc.so): 2.598 ms
info:      ┃ ┃ ┗nvenc_check: 1.364 ms
info:      ┃ ┣obs_init_module(obs-outputs.so): 0.002 ms
info:      ┃ ┣obs_init_module(obs-qsv11.so): 0.078 ms
info:      ┃ ┣obs_init_module(obs-transitions.so): 0.006 ms
info:      ┃ ┣obs_init_module(obs-vst.so): 0.002 ms
info:      ┃ ┣obs_init_module(obs-websocket.so): 25.104 ms
info:      ┃ ┣obs_init_module(obs-x264.so): 0.002 ms
info:      ┃ ┣obs_init_module(rtmp-services.so): 17.686 ms
info:      ┃ ┣obs_init_module(text-freetype2.so): 0.706 ms
info:      ┃ ┗obs_init_module(vlc-video.so): 1.541 ms
info:      ┣OBSBasic::InitService: 8.233 ms
info:      ┣OBSBasic::ResetOutputs: 0.163 ms
info:      ┣OBSBasic::CreateHotkeys: 0.023 ms
info:      ┣OBSBasic::InitPrimitives: 0.062 ms
info:      ┗OBSBasic::Load: 86.595 ms
info: obs_hotkey_thread(25 ms): min=0.071 ms, median=0.66 ms, max=45.639 ms, 99th percentile=8.421 ms, 99.8034% below 25 ms
info: audio_thread(Audio): min=0.008 ms, median=0.051 ms, max=64.807 ms, 99th percentile=0.399 ms
info: obs_graphics_thread(33.3333 ms): min=0.188 ms, median=7.302 ms, max=208.239 ms, 99th percentile=36.676 ms, 98.7891% below 33.333 ms
info:  ┣tick_sources: min=0.001 ms, median=0.01 ms, max=31.708 ms, 99th percentile=0.029 ms
info:  ┣output_frame: min=0.16 ms, median=0.307 ms, max=80.425 ms, 99th percentile=1.029 ms
info:  ┃ ┗gs_context(video->graphics): min=0.16 ms, median=0.307 ms, max=80.421 ms, 99th percentile=1.022 ms
info:  ┃   ┣render_video: min=0.019 ms, median=0.291 ms, max=80.316 ms, 99th percentile=0.887 ms
info:  ┃   ┃ ┗render_main_texture: min=0.016 ms, median=0.286 ms, max=80.3 ms, 99th percentile=0.878 ms
info:  ┃   ┗gs_flush: min=0.001 ms, median=0.002 ms, max=0.456 ms, 99th percentile=0.153 ms
info:  ┗render_displays: min=0.003 ms, median=6.936 ms, max=207.903 ms, 99th percentile=35.049 ms
info: =================================================
info: == Profiler Time Between Calls ==================
info: obs_hotkey_thread(25 ms): min=25.148 ms, median=25.827 ms, max=70.766 ms, 13.0212% within ±2% of 25 ms (0% lower, 86.9788% higher)
info: obs_graphics_thread(33.3333 ms): min=7.395 ms, median=33.335 ms, max=208.253 ms, 97.7789% within ±2% of 33.333 ms (0.908632% lower, 1.31247% higher)
info: =================================================
info: Number of memory leaks: 0
debug: Attempted path: /usr/bin/../share/obs/obs-studio/locale/en-US.ini
debug: Attempted path: /usr/bin/../share/obs/obs-studio/locale.ini
debug: Attempted path: /usr/bin/../share/obs/obs-studio/themes
debug: Attempted path: /usr/bin/../share/obs/obs-studio/themes/
warning: Get on org.freedesktop.portal.Settings returned an invalid reply
info: Command Line Arguments: --disable-shutdown-check
info: Using EGL/X11
info: CPU Name: Intel(R) Core(TM) i5-10310U CPU @ 1.70GHz
info: CPU Speed: 2208.000MHz
info: Physical Cores: 4, Logical Cores: 8
info: Physical Memory: 15870MB Total, 8249MB Free
info: Kernel Version: Linux 6.6.87.2-microsoft-standard-WSL2
info: Distribution: "Ubuntu" "24.04"
info: Window System: X11.0, Vendor: The X.Org Foundation, Version: 1.21.1
info: Current Date/Time: 2026-03-19, 10:54:12 PM
info: Browser Hardware Acceleration: false
info: Qt Version: 6.4.2 (runtime), 6.4.2 (compiled)
info: Portable mode: false
info: OBS 32.1.0 (linux)
info: ---------------------------------
info: ---------------------------------
info: audio settings reset:
	samples per sec: 48000
	speakers:        2
	max buffering:   960 milliseconds
	buffering type:  dynamically increasing
info: ---------------------------------
info: Initializing OpenGL...
warning: Unable to open DRM render node.
info: Loading up OpenGL on adapter Mesa llvmpipe (LLVM 20.1.2, 256 bits)
info: OpenGL loaded successfully, version 4.5 (Core Profile) Mesa 25.2.8-0ubuntu0.24.04.1, shading language 4.50
info: ---------------------------------
info: video settings reset:
	base resolution:   1280x720
	output resolution: 1920x1080
	downscale filter:  Bilinear
	fps:               30/1
	format:            NV12
	YUV mode:          Rec. 709/Partial
info: NV12 texture support enabled
info: P010 texture support not available
info: Audio monitoring device:
	name: Default
	id: default
info: ---------------------------------
warning: No AJA devices found, skipping loading AJA UI plugin
warning: Failed to initialize module 'aja-output-ui.so'
warning: No AJA devices found, skipping loading AJA plugin
warning: Failed to initialize module 'aja.so'
warning: Failed to load 'en-US' text for module: 'decklink-captions.so'
warning: Failed to load 'en-US' text for module: 'decklink-output-ui.so'
libDeckLinkAPI.so: cannot open shared object file: No such file or directory
warning: A DeckLink iterator could not be created.  The DeckLink drivers may not be installed
warning: Failed to initialize module 'decklink.so'
info: [pipewire] No capture sources available
warning: v4l2loopback not installed, virtual camera not registered
info: [obs-browser]: Version 2.26.8
info: [obs-browser]: CEF Version 127.0.6533.120 (runtime), 127.0.0-6533-fix-stutter-and-osr-extra-info.3042+g176b09c+chromium-127.0.6533.120 (compiled)
info: FFmpeg VAAPI H264 encoding not supported
info: FFmpeg VAAPI AV1 encoding not supported
info: FFmpeg VAAPI HEVC encoding not supported
error: os_dlopen(libnvidia-encode.so.1->libnvidia-encode.so.1): libnvidia-encode.so.1: cannot open shared object file: No such file or directory

info: NVENC not supported
warning: Failed to initialize module 'obs-nvenc.so'
info: [obs-websocket] [obs_module_load] you can haz websockets (Version: 5.7.2 | RPC Version: 1)
info: [obs-websocket] [obs_module_load] Qt version (compile-time): 6.4.2 | Qt version (run-time): 6.4.2
info: [obs-websocket] [obs_module_load] Linked ASIO Version: 102801
info: [obs-websocket] [obs_module_load] Module loaded.
info: [vlc-video]: VLC 3.0.20 Vetinari found, VLC video source enabled
info: ---------------------------------
info:   Loaded Modules:
info:     vlc-video.so
info:     text-freetype2.so
info:     rtmp-services.so
info:     obs-x264.so
info:     obs-websocket.so
info:     obs-vst.so
info:     obs-transitions.so
info:     obs-qsv11.so
info:     obs-outputs.so
info:     obs-libfdk.so
info:     obs-filters.so
info:     obs-ffmpeg.so
info:     obs-browser.so
info:     linux-v4l2.so
info:     linux-pulseaudio.so
info:     linux-pipewire.so
info:     linux-jack.so
info:     linux-capture.so
info:     linux-alsa.so
info:     image-source.so
info:     frontend-tools.so
info:     decklink-output-ui.so
info:     decklink-captions.so
info: ---------------------------------
info: ---------------------------------
info: Available Encoders:
info:   Video Encoders:
info: 	- ffmpeg_svt_av1 (SVT-AV1)
info: 	- ffmpeg_aom_av1 (AOM AV1)
info: 	- obs_x264 (x264)
info:   Audio Encoders:
info: 	- ffmpeg_aac (FFmpeg AAC)
info: 	- ffmpeg_opus (FFmpeg Opus)
info: 	- ffmpeg_pcm_s16le (FFmpeg PCM (16-bit))
info: 	- ffmpeg_pcm_s24le (FFmpeg PCM (24-bit))
info: 	- ffmpeg_pcm_f32le (FFmpeg PCM (32-bit float))
info: 	- ffmpeg_alac (FFmpeg ALAC (24-bit))
info: 	- ffmpeg_flac (FFmpeg FLAC (16-bit))
info: 	- libfdk_aac (libfdk AAC)
info: ==== Startup complete ===============================================
info: All scene data cleared
info: ------------------------------------------------
info: Switched to scene 'Scene'
info: ------------------------------------------------
info: Loaded scenes:
info: - scene 'Scene':
info:     - source: 'Browser' (browser_source)
info: ------------------------------------------------
[0319/225413.446098:WARNING:task_impl.cc(31)] No task runner for threadId 0
